-- MySQL dump 10.13  Distrib 8.0.40, for Linux (x86_64)
--
-- Host: localhost    Database: travel_cnpm
-- ------------------------------------------------------
-- Server version	8.0.40

/*!40101 SET @OLD_CHARACTER_SET_CLIENT=@@CHARACTER_SET_CLIENT */;
/*!40101 SET @OLD_CHARACTER_SET_RESULTS=@@CHARACTER_SET_RESULTS */;
/*!40101 SET @OLD_COLLATION_CONNECTION=@@COLLATION_CONNECTION */;
/*!50503 SET NAMES utf8mb4 */;
/*!40103 SET @OLD_TIME_ZONE=@@TIME_ZONE */;
/*!40103 SET TIME_ZONE='+00:00' */;
/*!40014 SET @OLD_UNIQUE_CHECKS=@@UNIQUE_CHECKS, UNIQUE_CHECKS=0 */;
/*!40014 SET @OLD_FOREIGN_KEY_CHECKS=@@FOREIGN_KEY_CHECKS, FOREIGN_KEY_CHECKS=0 */;
/*!40101 SET @OLD_SQL_MODE=@@SQL_MODE, SQL_MODE='NO_AUTO_VALUE_ON_ZERO' */;
/*!40111 SET @OLD_SQL_NOTES=@@SQL_NOTES, SQL_NOTES=0 */;

--
-- Table structure for table `authorization`
--

DROP TABLE IF EXISTS `authorization`;
/*!40101 SET @saved_cs_client     = @@character_set_client */;
/*!50503 SET character_set_client = utf8mb4 */;
CREATE TABLE `authorization` (
  `user_id` int NOT NULL,
  `role_id` int NOT NULL,
  PRIMARY KEY (`user_id`,`role_id`),
  KEY `role_id` (`role_id`),
  CONSTRAINT `authorization_ibfk_1` FOREIGN KEY (`user_id`) REFERENCES `users` (`id`) ON DELETE CASCADE,
  CONSTRAINT `authorization_ibfk_2` FOREIGN KEY (`role_id`) REFERENCES `roles` (`id`) ON DELETE CASCADE
) ENGINE=InnoDB DEFAULT CHARSET=utf8mb3;
/*!40101 SET character_set_client = @saved_cs_client */;

--
-- Dumping data for table `authorization`
--

LOCK TABLES `authorization` WRITE;
/*!40000 ALTER TABLE `authorization` DISABLE KEYS */;
INSERT INTO `authorization` VALUES (1,1),(1,2);
/*!40000 ALTER TABLE `authorization` ENABLE KEYS */;
UNLOCK TABLES;

--
-- Table structure for table `destinations`
--

DROP TABLE IF EXISTS `destinations`;
/*!40101 SET @saved_cs_client     = @@character_set_client */;
/*!50503 SET character_set_client = utf8mb4 */;
CREATE TABLE `destinations` (
  `id` int NOT NULL AUTO_INCREMENT,
  `name` varchar(255) NOT NULL,
  PRIMARY KEY (`id`)
) ENGINE=InnoDB DEFAULT CHARSET=utf8mb3;
/*!40101 SET character_set_client = @saved_cs_client */;

--
-- Dumping data for table `destinations`
--

LOCK TABLES `destinations` WRITE;
/*!40000 ALTER TABLE `destinations` DISABLE KEYS */;
/*!40000 ALTER TABLE `destinations` ENABLE KEYS */;
UNLOCK TABLES;

--
-- Table structure for table `orderdetails`
--

DROP TABLE IF EXISTS `orderdetails`;
/*!40101 SET @saved_cs_client     = @@character_set_client */;
/*!50503 SET character_set_client = utf8mb4 */;
CREATE TABLE `orderdetails` (
  `id` int NOT NULL AUTO_INCREMENT,
  `order_id` int NOT NULL,
  `tour_id` int NOT NULL,
  `tour_price` decimal(10,2) NOT NULL,
  `quantity` int NOT NULL,
  PRIMARY KEY (`id`),
  KEY `order_id` (`order_id`),
  KEY `tour_id` (`tour_id`),
  CONSTRAINT `orderdetails_ibfk_1` FOREIGN KEY (`order_id`) REFERENCES `orders` (`id`),
  CONSTRAINT `orderdetails_ibfk_2` FOREIGN KEY (`tour_id`) REFERENCES `tours` (`id`)
) ENGINE=InnoDB AUTO_INCREMENT=5 DEFAULT CHARSET=utf8mb3;
/*!40101 SET character_set_client = @saved_cs_client */;

--
-- Dumping data for table `orderdetails`
--

LOCK TABLES `orderdetails` WRITE;
/*!40000 ALTER TABLE `orderdetails` DISABLE KEYS */;
INSERT INTO `orderdetails` VALUES (1,1,3,10000.00,0),(2,2,3,10000.00,0),(3,3,3,10000.00,0),(4,4,2,15000.00,2);
/*!40000 ALTER TABLE `orderdetails` ENABLE KEYS */;
UNLOCK TABLES;

--
-- Table structure for table `orders`
--

DROP TABLE IF EXISTS `orders`;
/*!40101 SET @saved_cs_client     = @@character_set_client */;
/*!50503 SET character_set_client = utf8mb4 */;
CREATE TABLE `orders` (
  `id` int NOT NULL AUTO_INCREMENT,
  `user_id` int NOT NULL,
  `total_amount` decimal(10,2) NOT NULL,
  `order_date` timestamp NULL DEFAULT CURRENT_TIMESTAMP,
  `payment_status` enum('pending','cancelled','paid') DEFAULT 'pending',
  `order_code` varchar(100) DEFAULT NULL,
  PRIMARY KEY (`id`),
  KEY `user_id` (`user_id`),
  CONSTRAINT `orders_ibfk_1` FOREIGN KEY (`user_id`) REFERENCES `users` (`id`)
) ENGINE=InnoDB AUTO_INCREMENT=5 DEFAULT CHARSET=utf8mb3;
/*!40101 SET character_set_client = @saved_cs_client */;

--
-- Dumping data for table `orders`
--

LOCK TABLES `orders` WRITE;
/*!40000 ALTER TABLE `orders` DISABLE KEYS */;
INSERT INTO `orders` VALUES (1,1,10000.00,'2025-04-15 11:15:12','pending',NULL),(2,1,10000.00,'2025-04-15 11:15:13','pending',NULL),(3,1,10000.00,'2025-04-17 19:25:40','cancelled','940191'),(4,1,30000.00,'2025-04-17 19:38:26','paid','706268');
/*!40000 ALTER TABLE `orders` ENABLE KEYS */;
UNLOCK TABLES;

--
-- Table structure for table `roles`
--

DROP TABLE IF EXISTS `roles`;
/*!40101 SET @saved_cs_client     = @@character_set_client */;
/*!50503 SET character_set_client = utf8mb4 */;
CREATE TABLE `roles` (
  `id` int NOT NULL AUTO_INCREMENT,
  `name` varchar(100) NOT NULL,
  `code` varchar(100) NOT NULL,
  PRIMARY KEY (`id`),
  UNIQUE KEY `name` (`name`),
  UNIQUE KEY `code` (`code`)
) ENGINE=InnoDB AUTO_INCREMENT=4 DEFAULT CHARSET=utf8mb3;
/*!40101 SET character_set_client = @saved_cs_client */;

--
-- Dumping data for table `roles`
--

LOCK TABLES `roles` WRITE;
/*!40000 ALTER TABLE `roles` DISABLE KEYS */;
INSERT INTO `roles` VALUES (1,'ADMIN','ROLE_ADMIN'),(2,'USER','ROLE_USER'),(3,'MANAGER','ROLE_MANAGER');
/*!40000 ALTER TABLE `roles` ENABLE KEYS */;
UNLOCK TABLES;

--
-- Table structure for table `shoppingcarts`
--

DROP TABLE IF EXISTS `shoppingcarts`;
/*!40101 SET @saved_cs_client     = @@character_set_client */;
/*!50503 SET character_set_client = utf8mb4 */;
CREATE TABLE `shoppingcarts` (
  `id` int NOT NULL AUTO_INCREMENT,
  `user_id` int NOT NULL,
  `tour_id` int DEFAULT NULL,
  PRIMARY KEY (`id`),
  KEY `user_id` (`user_id`),
  KEY `tours` (`tour_id`),
  CONSTRAINT `shoppingcarts_ibfk_1` FOREIGN KEY (`user_id`) REFERENCES `users` (`id`) ON DELETE CASCADE,
  CONSTRAINT `shoppingcarts_ibfk_2` FOREIGN KEY (`tour_id`) REFERENCES `tours` (`id`) ON DELETE CASCADE
) ENGINE=InnoDB AUTO_INCREMENT=2 DEFAULT CHARSET=utf8mb3;
/*!40101 SET character_set_client = @saved_cs_client */;

--
-- Dumping data for table `shoppingcarts`
--

LOCK TABLES `shoppingcarts` WRITE;
/*!40000 ALTER TABLE `shoppingcarts` DISABLE KEYS */;
/*!40000 ALTER TABLE `shoppingcarts` ENABLE KEYS */;
UNLOCK TABLES;

--
-- Table structure for table `tourcategories`
--

DROP TABLE IF EXISTS `tourcategories`;
/*!40101 SET @saved_cs_client     = @@character_set_client */;
/*!50503 SET character_set_client = utf8mb4 */;
CREATE TABLE `tourcategories` (
  `id` int NOT NULL AUTO_INCREMENT,
  `name` varchar(255) NOT NULL,
  PRIMARY KEY (`id`)
) ENGINE=InnoDB AUTO_INCREMENT=3 DEFAULT CHARSET=utf8mb3;
/*!40101 SET character_set_client = @saved_cs_client */;

--
-- Dumping data for table `tourcategories`
--

LOCK TABLES `tourcategories` WRITE;
/*!40000 ALTER TABLE `tourcategories` DISABLE KEYS */;
INSERT INTO `tourcategories` VALUES (1,'Trong nước'),(2,'Ngoài nước');
/*!40000 ALTER TABLE `tourcategories` ENABLE KEYS */;
UNLOCK TABLES;

--
-- Table structure for table `tourdestinations`
--

DROP TABLE IF EXISTS `tourdestinations`;
/*!40101 SET @saved_cs_client     = @@character_set_client */;
/*!50503 SET character_set_client = utf8mb4 */;
CREATE TABLE `tourdestinations` (
  `id` int NOT NULL AUTO_INCREMENT,
  `order_index` int NOT NULL,
  `tour_id` int NOT NULL,
  `destination_id` int NOT NULL,
  PRIMARY KEY (`id`),
  KEY `tour_id` (`tour_id`),
  KEY `destination_id` (`destination_id`),
  CONSTRAINT `tourdestinations_ibfk_1` FOREIGN KEY (`tour_id`) REFERENCES `tours` (`id`),
  CONSTRAINT `tourdestinations_ibfk_2` FOREIGN KEY (`destination_id`) REFERENCES `destinations` (`id`)
) ENGINE=InnoDB DEFAULT CHARSET=utf8mb3;
/*!40101 SET character_set_client = @saved_cs_client */;

--
-- Dumping data for table `tourdestinations`
--

LOCK TABLES `tourdestinations` WRITE;
/*!40000 ALTER TABLE `tourdestinations` DISABLE KEYS */;
/*!40000 ALTER TABLE `tourdestinations` ENABLE KEYS */;
UNLOCK TABLES;

--
-- Table structure for table `tourreviews`
--

DROP TABLE IF EXISTS `tourreviews`;
/*!40101 SET @saved_cs_client     = @@character_set_client */;
/*!50503 SET character_set_client = utf8mb4 */;
CREATE TABLE `tourreviews` (
  `id` int NOT NULL AUTO_INCREMENT,
  `user_id` int DEFAULT NULL,
  `tour_id` int DEFAULT NULL,
  `rating` int DEFAULT NULL,
  `content` text,
  `created_at` timestamp NULL DEFAULT CURRENT_TIMESTAMP,
  PRIMARY KEY (`id`),
  KEY `tour_id` (`tour_id`),
  KEY `user_id` (`user_id`),
  CONSTRAINT `tourreviews_ibfk_1` FOREIGN KEY (`tour_id`) REFERENCES `tours` (`id`),
  CONSTRAINT `tourreviews_ibfk_2` FOREIGN KEY (`user_id`) REFERENCES `users` (`id`),
  CONSTRAINT `tourreviews_chk_1` CHECK ((`rating` between 1 and 5))
) ENGINE=InnoDB DEFAULT CHARSET=utf8mb3;
/*!40101 SET character_set_client = @saved_cs_client */;

--
-- Dumping data for table `tourreviews`
--

LOCK TABLES `tourreviews` WRITE;
/*!40000 ALTER TABLE `tourreviews` DISABLE KEYS */;
/*!40000 ALTER TABLE `tourreviews` ENABLE KEYS */;
UNLOCK TABLES;

--
-- Table structure for table `tours`
--

DROP TABLE IF EXISTS `tours`;
/*!40101 SET @saved_cs_client     = @@character_set_client */;
/*!50503 SET character_set_client = utf8mb4 */;
CREATE TABLE `tours` (
  `id` int NOT NULL AUTO_INCREMENT,
  `title` varchar(255) NOT NULL,
  `description` text,
  `price` decimal(10,2) DEFAULT '0.00',
  `thumbnail` varchar(255) DEFAULT NULL,
  `is_active` varchar(50) DEFAULT NULL,
  `created_at` date DEFAULT NULL,
  `duration` int DEFAULT NULL,
  `discount` int DEFAULT NULL,
  `rate` float DEFAULT NULL,
  `category_id` int DEFAULT NULL,
  `excerp` text,
  `total_rate` int DEFAULT NULL,
  `start_date` date DEFAULT NULL,
  `end_date` date DEFAULT NULL,
  `departurepoints` varchar(500) DEFAULT NULL,
  PRIMARY KEY (`id`),
  KEY `category_id` (`category_id`),
  CONSTRAINT `tours_ibfk_1` FOREIGN KEY (`category_id`) REFERENCES `tourcategories` (`id`)
) ENGINE=InnoDB AUTO_INCREMENT=5 DEFAULT CHARSET=utf8mb3;
/*!40101 SET character_set_client = @saved_cs_client */;

--
-- Dumping data for table `tours`
--

LOCK TABLES `tours` WRITE;
/*!40000 ALTER TABLE `tours` DISABLE KEYS */;
INSERT INTO `tours` VALUES (2,'Tour Nhật Bản 6N5Đ: Tokyo - Fuji - Nagoya - Kyoto - Osaka Mùa Hè','<h1><strong>Momiji – những điều chưa biết về sắc thu Nhật Bản</strong></h1><p>&nbsp;<a href=\"https://www.nhatbanaz.com/blog\" rel=\"noopener noreferrer\" target=\"_blank\" style=\"color: rgb(178, 0, 0); background-color: transparent;\">Blogs Nhật bản</a>,&nbsp;<a href=\"https://www.nhatbanaz.com/kham-pha-nhat-ban\" rel=\"noopener noreferrer\" target=\"_blank\" style=\"color: rgb(178, 0, 0); background-color: transparent;\">Khám phá Nhật Bản</a>,&nbsp;<a href=\"https://www.nhatbanaz.com/kham-pha-nhat-ban/mua-la-do\" rel=\"noopener noreferrer\" target=\"_blank\" style=\"color: rgb(17, 17, 17); background-color: transparent;\">Mùa thu - mùa lá đỏ</a>,&nbsp;<a href=\"https://www.nhatbanaz.com/blog/den-va-yeu\" rel=\"noopener noreferrer\" target=\"_blank\" style=\"color: rgb(178, 0, 0); background-color: transparent;\">Nhật Bản Đến &amp; Yêu</a>&nbsp;<span style=\"color: rgb(249, 110, 91);\">&nbsp;2126 lượt xem</span></p><p>Hoa anh đào Nhật Bản nổi tiếng khắp thế giới, nhưng chúng ta biết bao nhiêu về Momiji? Momiji cũng quan trọng không kém ở đất nước này, và người Nhật thích những khu vườn truyền thống của Nhật Bản vào mùa thu hay đi bộ đường dài để ngắm những ngọn núi ửng hồng. Hiện tượng này có thể được diễn tả bằng “Momiji”.</p><p>Mùa thu ở Nhật Bản còn gọi là mùa lá đỏ Momiji, khi khắp đường phố, đồi núi Nhật Bản cả không gian được nhuộm màu rực rỡ với lá phong, lá thích và những cánh hoa rẻ quạt. Thế Momiji có gì mà hấp dẫn du khách đến Nhật vậy?</p><p><br></p><p><img src=\"https://www.nhatbanaz.com/wp-content/uploads/Cong-vien_Hibiya_mua-la-do-620x410.jpg\" alt=\"Công viên Hibiya mùa lá đỏ\"></p><p><br></p><h2><strong>Momiji là gì?</strong></h2><p>Momiji trong tiếng Nhật có nghĩa là Hồng diệp. Từ góc độ khoa học Momiji là hiện tượng tự nhiên khi tiết trời chuyển sang thu, nhiệt độ giảm xuống, cây ít quang hợp, lá ngả từ màu xanh sang vàng, rồi đỏ chuẩn bị rụng lá để “ngủ đông”.</p><p><img src=\"https://www.nhatbanaz.com/wp-content/uploads/2022/07/momiji-bi-an-mua-thu-nhat-ban.jpg\" alt=\"Momiji bí ẩn mùa thu Nhật Bản\" height=\"500\" width=\"800\"><em>Momiji bí ẩn mùa thu Nhật Bản</em></p><h2><strong>Mùa lá đỏ Momiji vào tháng mấy?</strong></h2><p>Tùy từng vùng của nước Nhật, tùy thời tiết mỗi năm mà mùa lá đỏ bắt đầu khác nhau. Nhìn chung thì Momiji là từ tháng 9 đến tháng 12. Khoảng thời gian kéo dài, lá cây chuyển dần, lớp lớp tạo nên từng mảng màu tuyệt đẹp. Quá trình Momiji dịch chuyển dần từ Bắc xuống Nam, từ núi cao xuống đồng bằng.</p><p>Giống như mùa hoa anh đào, mùa lá đỏ momiji có một vị trí rất đặc biệt trong trái tim người Nhật vì nó nhắc nhở mọi người rằng mọi thứ đều là phù du, và chúng ta cần tận hưởng những gì được ban tặng trước khi chúng biến mất.</p><p><img src=\"https://www.nhatbanaz.com/wp-content/uploads/2022/07/net-dep-nhat-ban-mua-momiji.jpg\" alt=\"Nét đẹp Nhật Bản mùa Momiji - Du lịch Nhật Bản cùng NhatbanAZ\" height=\"500\" width=\"800\"><em>Nét đẹp Nhật Bản mùa Momiji – Du lịch Nhật Bản cùng NhatbanAZ</em></p><h2><strong>Momiji có …ăn được?</strong></h2><p>Momiju ăn được đấy. Lạ chưa? Ngoài những món chỉ đơn giản là lấy cảm hứng từ lá đỏ để tô điểm, decor cho món ăn thì có một số gia vị, đồ uống cũng được chiết xuất từ tinh dầu cá loại lá đỏ. Và đặc biệt hơn nữa là món Tempura lá đó. Ngon và lạ miệng lắm luôn các bạn. Thường thì tempure lá đỏ là lá đỏ được tẩm ướp ngọt với bột, đường và hạt mè rồi đem chiên như các món tempura khác.</p><h2><strong>Một người phụ nữ xinh đẹp biến thành một con quỷ trong “Truyền thuyết lá mùa thu”</strong></h2><p>Một giả thuyết khác về nguồn gốc của “ngắm lá mùa thu” là “Truyền thuyết lá mùa thu” kể về một người phụ nữ xinh đẹp biến thành một con quỷ.</p><p>Câu chuyện thậm chí còn được đưa tin rộng rãi trong các vở kịch Kabuki và Noh truyền thống có tên là “Săn lá mùa thu”.</p><p>Truyền thuyết này đã được lưu truyền trên khắp Nhật Bản, với những thay đổi nhỏ tùy thuộc vào khu vực, nhưng phác thảo chung là một người phụ nữ tên là “Lá mùa thu” trở thành một con quỷ và bị một chiến binh tiêu diệt.</p><p>Trong bản chuyển thể sân khấu của “Săn lá mùa thu” được thấy trong Kabuki hoặc Noh. Cốt truyện có một lữ khách lên đường đi ngắm lá trước khi tình cờ gặp những người phụ nữ xinh đẹp, nhưng điều bất ngờ là họ hóa ra lại là quỷ. Bản thân truyền thuyết này được chia sẻ ở các khu vực như Togakushi và Bessho Onsen ở Tỉnh Nagano, khiến việc tự mình bắt lá ở Nagano, suy nghĩ về truyền thuyết về quỷ khi bạn đi càng trở nên thú vị hơn.</p><h2><strong>Momiji và văn hóa Nhật Bản</strong></h2><p>Thiên nhiên luôn là cảm hứng và là một phần của văn hóa Nhật Bản. Với Momiji có thể kể đến những nét đặc trưng sau.</p><ul><li>Tempura lá đỏ là món ăn có lịch sử khá lâu đời, từ khoảng 1.300 năm trước.</li><li>Họa tiết Momiji là họa tiết phổ biến nhất trên các trang phục Kimono truyền thống.</li><li>Người Nhật ví von ẩn dụ lá đỏ momiji với những gì bé nhỏ, ngây thơ; chẳng hạn như bàn tay em bé.</li></ul><p>Mùa Momiji Nhật Bản đang đến rồi, bạn có muốn cùng NhatbanAZ đến Nhật thưởng thức momiji và khám phá những điều thú vị ở đất nước này, khi những con đường, góc phố, núi non đều nhuộm trong màu đỏ thơ mộng của lá phong? Liên hệ NhatbanAZ ngay hôm nay để book&nbsp;<a href=\"https://www.nhatbanaz.com/du-lich-nhat-ban/danh-sach-cac-tour-du-lich-nhat-moi-nhat.html\" rel=\"noopener noreferrer\" target=\"_blank\" style=\"color: rgb(178, 0, 0); background-color: transparent;\"><strong>tour du lịch Nhật Bản mùa thu</strong></a>&nbsp;với nhiều ưu đãi cực hấp dẫn nhé!</p><p><br></p><h3><strong>Chubu (Núi Phú Sĩ/ Gifu/ Nagoya)</strong></h3><p><img src=\"https://www.nhatbanaz.com/wp-content/uploads/2024/08/du-lich-nhat-ban-mua-la-do-chubu.jpg\" alt=\"Du lịch mùa lá đỏ Nhật Bản - Chubu\" height=\"500\" width=\"800\"></p><p>Khu vực Chubu, nơi có núi Phú Sĩ – ngọn núi cao nhất Nhật Bản. Mang đến nhiều địa điểm đẹp với sắc thu tuyệt vời. Khu vực Phú Sĩ Ngũ Hồ, bao gồm hồ Kawaguchi, nổi tiếng với sắc lá mùa thu tuyệt đẹp.</p><p>Vào tháng 11, hồ Kawaguchi tổ chức Lễ hội Lá Mùa Thu trên bờ phía bắc của nó. Một điểm thu hút không thể bỏ qua là Hành Lang Momiji. Nơi bạn có thể chụp được cảnh quan tuyệt đẹp của núi Phú Sĩ và sắc lá mùa thu rực rỡ trong một khung hình. Đây là một khung cảnh biểu tượng thường xuất hiện trên các bưu thiếp và trang web du lịch. Làm nên điểm nhấn của bất kỳ chuyến đi nào đến khu vực này.</p><p><strong><em>Lịch ngắm lá đỏ Nhật Bản 2024 tại những địa điểm nổi bật ở Chubu bao gồm:</em></strong></p><p><strong>Khu vực hồ Kawaguchi (thời điểm tốt nhất từ 14 – 22/11):</strong></p><p>Hồ Kawaguchi thu hút du khách với làn nước yên tĩnh và tầm nhìn tuyệt đẹp về núi Phú Sĩ. Vào mùa thu, khu vực xung quanh bừng sáng với sắc lá vàng lá đỏ, tạo nên một cảnh quan đẹp như tranh vẽ.</p><p><strong>Công viên Thiên nhiên Shuzenji (thời điểm tốt nhất từ 23/11- 4/12):</strong></p><p>Nằm trên bán đảo Izu, Công viên Shuzenji là một nơi yên bình được biết đến với cảnh quan tươi tốt.</p><p><strong>Shirakawa-go (thời điểm tốt nhất từ 30/10 – 12/11):</strong></p><p>Ngôi làng nổi tiếng với những ngôi nhà mái tranh truyền thống. Kết hợp cùng những ngọn núi xung quanh tạo nên bối cảnh tuyệt đẹp cho sắc lá mùa thu.</p><p><strong>Công viên Yoro (thời điểm tốt nhất từ 22/11 – 8/12):</strong></p><p>Nằm ở tỉnh Gifu, Công viên Yoro nổi tiếng với các tác phẩm nghệ thuật và vẻ đẹp tự nhiên. Trong mùa thu, công viên nổi bật với sắc lá rực rỡ.</p><h3><strong>Kansai (Kyoto/Osaka)</strong></h3><p><img src=\"https://www.nhatbanaz.com/wp-content/uploads/2024/08/du-lich-nhat-ban-mua-la-do-kansai.jpg\" alt=\"Du lịch mùa lá đỏ Nhật Bản - Kansai\" height=\"500\" width=\"800\"></p><p>Khu vực Kansai, nơi có các thành phố lịch sử lớn như Kyoto và Osaka. Mang đến nhiều điểm đến ngắm lá mùa thu tuyệt đẹp.</p><p><strong><em>Lịch ngắm lá đỏ Nhật Bản 2024 tại những địa điểm nổi bật ở khu vực Kansai bao gồm:</em></strong></p><p><strong>Kyoto (thời điểm tốt nhất từ khoảng 23/11 – 8/12):</strong></p><p>Nổi tiếng với cảnh quan mùa thu tuyệt đẹp, kết hợp kiến trúc truyền thống Nhật Bản, khiến Kyoto là thành phố không thể bỏ qua. Những điểm nổi bật bao gồm Arashiyama, chùa Kiyomizu-dera, cùng nhiều địa điểm đẹp khác.</p><p><strong>Osaka (thời điểm tốt nhất từ khoảng 16/11 – 5/12):</strong></p><p>Trải nghiệm cảnh quan mùa thu tuyệt vời tại thành phố Osaka tại Lâu đài Osaka, thác Minoh và con đường Midosuji đẹp như tranh.&nbsp;</p><p><strong>Nara (thời điểm tốt nhất từ 18/11 – 5/12):</strong></p><p>Thành phố cổ Nara cũng mang đến niềm vui cho du khách với sắc lá mùa thu tuyệt đẹp tại những ngôi đền, chùa lịch sử, Công viên Nara, hoặc đến núi Yoshino.</p><p><strong>Shiga (thời điểm tốt nhất từ khoảng 25/11 – 4/12):</strong></p><p>Lâu đài Hikone đặc biệt đẹp vào mùa thu. Một điểm đến khác nổi tiếng không kém ở Shiga là Đại lộ Metasequoia Namiki ở thành phố Takashima. Con đường này nổi tiếng qua một bộ phim truyền hình nổi tiếng và có khoảng 500 cây metasequoia dọc theo con đường dài 2,4 km. Màu sắc mùa thu tuyệt đẹp của nó đã khiến nó được chọn là một trong “100 Đại lộ Cảnh Quan Mới” của Nhật Bản.</p><h3><strong>Chugoku (Hiroshima/Okayama)</strong></h3><p><img src=\"https://www.nhatbanaz.com/wp-content/uploads/2024/08/du-lich-nhat-ban-mua-la-do-chugoku.jpg\" alt=\"Du lịch mùa lá đỏ Nhật Bản - Chugoku\" height=\"500\" width=\"800\"></p><p>Khu vực Chugoku, nằm ở phía tây đảo Honshu, bao gồm năm tỉnh, trong đó có Hiroshima và Okayama.</p><p><strong><em>Lịch ngắm lá đỏ Nhật Bản 2024 tại những địa điểm nổi bật ở khu vực Chugoku bao gồm:</em></strong></p><p><strong>Miyajima (thời điểm tốt nhất từ 16 – 29/11):</strong></p><p>Nổi tiếng nhất với cổng torii lớn đứng giữa nước, Miyajima (tên chính thức là Itsukushima) là một điểm đến tuyệt vời cho một chuyến đi trong ngày. Các tòa nhà lịch sử và các điểm đến mang tính biểu tượng của nơi này trở nên càng mê hoặc hơn khi được tô điểm bởi sắc màu mùa thu, thu hút du khách từ khắp nơi trên thế giới.</p><p><strong>Vườn Okayama Korakuen (thời điểm tốt nhất từ 21/11- 6/12):</strong></p><p>Korakuen nổi bật với cảnh quan tinh tế và kiến trúc hài hòa. Vào mùa thu, những tán lá trong khu vườn càng thêm phần rực rỡ trước không gian yên bình của nó, mang đến một trải nghiệm đầy sức hút.&nbsp;</p><p><strong>Thung lũng Okutsu (thời điểm tốt nhất từ 5 – 19/11):</strong></p><p>Nằm ở tỉnh Okayama, Thung lũng Okutsu là một viên ngọc ẩn quý giá. Nổi tiếng với vẻ đẹp yên bình và bức tranh toàn cảnh sắc màu mùa thu. Với dòng sông uốn lượn và rừng cây dày đặc, thung lũng này biến thành một bức tranh đầy màu sắc với những tán lá đỏ, cam và vàng rực rỡ vào mùa thu.</p><h3><strong>Shikoku (Kagawa/Tokushima)</strong></h3><p><img src=\"https://www.nhatbanaz.com/wp-content/uploads/2024/08/du-lich-nhat-ban-mua-la-do-shikoku.jpg\" alt=\"Du lịch mùa lá đỏ Nhật Bản - Shikoku\" height=\"500\" width=\"800\"></p><p>Shikoku, một hòn đảo nằm về phía tây nam của Honshu, là một khu vực quyến rũ nổi tiếng với vẻ đẹp thiên nhiên hoang sơ.</p><p><strong><em>Lịch ngắm lá đỏ Nhật Bản 2024 tại những địa điểm nổi bật ở Shikoku bao gồm:</em></strong></p><p><strong>Vườn Ritsurin (thời điểm tốt nhất từ 23/11 – 6/12):</strong></p><p>Nằm ở Takamatsu, tỉnh Kagawa, Vườn Ritsurin là một khu vườn cảnh quan đẹp mắt nổi tiếng với thiết kế tinh tế.</p><p><strong>Hẻm núi Kankei (thời điểm tốt nhất từ 15/11 – 3/12):</strong></p><p>Nằm ở tỉnh Kagawa, Hẻm núi Kankei thu hút du khách với sắc lá mùa thu rực rỡ. Là một trong ba thung lũng đẹp của Nhật Bản, Kankei biến thành một thiên đường của sắc màu rực rỡ vào mùa thu. Tuyến cáp treo của thung lũng, được cải tạo vào năm 2015, cung cấp một cái nhìn toàn cảnh mê hoặc về toàn bộ khu vực, mang lại tầm nhìn tuyệt đẹp.</p><p><strong>Hẻm núi Name Toko (thời điểm tốt nhất từ 16 – 27/11):</strong></p><p>Nằm ở tỉnh Ehime, hẻm núi này có những con đường đi bộ dọc theo bờ sông, bao quanh bởi các vách đá cao và tán lá rực rỡ.&nbsp;</p><h3><strong>Kyushu (Fukuoka/Kagoshima)</strong></h3><p><img src=\"https://www.nhatbanaz.com/wp-content/uploads/2024/08/du-lich-nhat-ban-mua-la-do-kyushu.jpg\" alt=\"Du lịch mùa lá đỏ Nhật Bản - Kyushu\" height=\"500\" width=\"800\"></p><p>Kyushu, nổi tiếng với khí hậu ôn hòa và được biết đến như một điểm đến suối nước nóng, cung cấp nhiều địa điểm để trải nghiệm sắc lá mùa thu.</p><p><strong><em>Lịch ngắm lá đỏ Nhật Bản 2024 tại những địa điểm nổi bật ở Kyushu bao gồm:</em></strong></p><p><strong>Hẻm núi Yabakei (thời điểm tốt nhất từ 8 – 23/11):</strong></p><p>Nằm ở thành phố Nakatsu, Oita, Yabakei là một trong những điểm ngắm lá mùa thu rực rỡ của khu vực. Có một con đường dạo bộ để dẫn bạn qua hẻm núi, cho phép bạn tận hưởng một buổi đi bộ mùa thu thư thái. Bạn nên ghé thăm Yabakei ngay trước khi hoàng hôn để chứng kiến sự biến đổi kỳ diệu từ ánh sáng, vì một phần của khu vực này sẽ được chiếu sáng vào ban đêm.</p><p><strong>Hẻm núi Takachiho (thời điểm tốt nhất từ 19 – 27/11):</strong></p><p>Nằm ở tỉnh Miyazaki, hẻm núi Takachiho cung cấp một khung cảnh ngoạn mục với các vách đá cao chót vót và dòng sông trong xanh. Hẻm núi được trang hoàng bởi sắc lá mùa thu rực rỡ, tạo nên một khung cảnh tuyệt đẹp cho việc tham quan và các tour du thuyền.</p><p><strong>Vườn Kiyomizu-dera Honbo (thời điểm tốt nhất từ 23/11 – 3/12):</strong></p><p>Nằm ở thành phố Fukuoka, Kiyomizu-dera nổi bật với bầu không khí yên tĩnh và sắc màu mùa thu tuyệt đẹp. Những ao nước yên bình, các tòa nhà đền truyền thống, và tán lá đỏ cam kết hợp lại tạo nên một bức tranh yên bình.</p><h2><strong>Tổng hợp lịch lá đỏ Nhật Bản hàng năm</strong></h2><h3><strong>Lịch lá đỏ Nhật Bản 2023</strong></h3><p>Dự báo&nbsp;<a href=\"https://www.nhatbanaz.com/kham-pha-nhat-ban/du-bao-lich-ngam-la-do-mua-thu-nhat-ban.html\" rel=\"noopener noreferrer\" target=\"_blank\" style=\"color: rgb(178, 0, 0); background-color: transparent;\"><strong><em>lịch lá đỏ Nhật Bản 2023</em></strong></a>&nbsp;được cập nhật. Mùa lá đỏ (Momiji hay Kouyo) ở Nhật bản thay đổi theo từng năm, nhưng không quá nhiều. Mùa lá đỏ ở Nhật Bản thường bắt đầu từ cuối tháng 9 và kéo dài đến tháng 11. Tùy theo vùng miền và điều kiện thời tiết cụ thể sẽ có lịch khác nhau. Lịch dự báo cho thời điểm ngắm lá đỏ tực rỡ nhất. Tuy nhiên cũng theo quan điểm của từng người. Có nhiều người thích ngắm mùa thu chuyển mình từ lá hãy còn xanh vào đầu tháng 9. Cũng có người thích cảm giác lá đỏ xào xạc dưới chân mình vào cuối thu.</p><p><img src=\"https://www.nhatbanaz.com/wp-content/uploads/2022/05/du-bao-lich-la-do-nhat-ban-620x442.png\" alt=\"Dự báo lịch lá đỏ Nhật Bản\" height=\"442\" width=\"620\"><em>Dự báo lịch lá đỏ Nhật bản</em></p><p>Theo thông tin từ cơ quan khí tượng thủy văn thì lịch dự báo mùa lá đỏ năm 2023 bắt đầu từ tháng 9. Các vùng miền và địa điểm đẹp nhất ngắm lá đỏ như sau.</p><h4><strong>Tháng 9 – Tháng 10</strong></h4><p><img src=\"https://www.nhatbanaz.com/wp-content/uploads/2022/05/lich-mua-thu-la-do-nhat-ban-thang-10-620x213.png\" alt=\"Dự báo lịch lá đỏ Nhật Bản khu vực Hokkaido và Tohoku\" height=\"213\" width=\"620\"></p><p>Mùa thu đến sớn với vùng phía Bắc trên Hokkaido, vùng Tohoku. Các địa điểm ngắm lá đỏ tuyệt nhất trong khoảng cuối tháng 9 đến cuối tháng 10 bao gồm:&nbsp;<strong><em>núi Asahi,</em>&nbsp;Jozankei, hồ xanh Blue pond, hồ Onneto</strong>&nbsp;(Hokkaido); Hokkaido;&nbsp;<strong><em>hồ Towada&nbsp;</em></strong>(Aomori);&nbsp;<strong><em>Yamadera</em></strong>&nbsp;(Yamagata).</p><h4><strong>Tháng 10 – Tháng 11</strong></h4><p>Tháng 10 đến tháng 11, lá chuyển màu khắp các vùng ở Nhật bản. Lá đỏ đặc biệt rực rỡ ở các vùng trung tâm Nhật bản.</p><p><img src=\"https://www.nhatbanaz.com/wp-content/uploads/2022/05/lich-mua-thu-la-do-nhat-ban-thang-10-thang-11-620x225.png\" alt=\"Dự báo lịch lá đỏ Nhật Bản khu vực núi Phú Sĩ\" height=\"225\" width=\"620\"></p><p>Cho đến giữa tháng 11 thì vùng&nbsp;<strong><em>ngũ hồ núi Phú sĩ</em></strong>&nbsp;– là điểm check-in cho mùa thu Nhật bản. Tương tự với&nbsp;<strong><em>Kamikochi</em></strong><em>&nbsp;</em>(Nagano);&nbsp;<strong><em>Shirakawago</em></strong><em>&nbsp;</em>(Gifu).</p><p><img src=\"https://www.nhatbanaz.com/wp-content/uploads/2022/05/lich-mua-thu-la-do-nhat-ban-thang-10-11-620x219.png\" alt=\"Dự báo lịch lá đỏ Nhật Bản khu vực Kanto\" height=\"219\" width=\"620\"></p><p>Sau một chút lịch mùa lá đỏ nhật bản 2023 sẽ chuyển đển các vùng Kanto. Các điểm ngắm lá đỏ đẹp nhất có:&nbsp;<strong><em>Nikko</em></strong><em>&nbsp;</em>(Tochigi);&nbsp;<strong><em>thung lũng Yoro Keikoku</em></strong>&nbsp;(Chiba);&nbsp;<strong><em>Nagatoro</em></strong><em>&nbsp;</em>(Saitama);&nbsp;<strong><em>Hakone</em></strong><em>&nbsp;</em>(Kanagawa);&nbsp;<strong><em>cao nguyên Nasu</em></strong>&nbsp;(Tochigi).</p><h4><strong>Tháng 11 – Tháng 12</strong></h4><p>Lùi dần xuống phía Tây-Nam của Nhật bản. Chúng ta ngắm lá đỏ rực rõ giữa tháng 11 đến đầu tháng 12 ở vùng Kinki và phía Tây Nhật bản. Các điểm ngắm phải kể đến:&nbsp;<strong><em>Công viên Minoo, đền Katsuo-ji, lâu đài Osaka</em></strong>&nbsp;(Osaka);&nbsp;<strong><em>lâu đài Keisoku-ji</em></strong>&nbsp;(Shiga);&nbsp;<strong><em>lâu đài Ankoku-ji</em></strong>&nbsp;(Hyogo);&nbsp;<strong><em>Miyajima</em></strong><em>&nbsp;</em>(Hiroshima).</p><p>Điểm trung tâm ngắm lá đỏ tiếp theo cuối tháng 11 đến đầu tháng 12 là cố đo Kyoto. Nơi bạn có thể lang thang thả mình trong không khí lãng mạn của mùa thu. Điển hình là&nbsp;<strong><em>đền Tofuku, đền Enko, đền Enrian, đền Eikando, đề Rurikoin</em></strong>.</p><p><img src=\"https://www.nhatbanaz.com/wp-content/uploads/2022/05/lich-mua-thu-la-do-nhat-ban-thang-11-thang-12-620x225.png\" alt=\"Dự báo lịch lá đỏ Nhật Bản Kyoto\" height=\"225\" width=\"620\">Thủ đô Tokyo rực rỡ lá vàng nhất vài cuối tháng 11 đến đầu tháng 12. Nơi các bạn ngắm lá đỏ dọc theo đường&nbsp;<strong><em>Omotesando</em></strong>, hay các khu vườn nổi tiếng:&nbsp;<strong><em>Koishikawa, Kamarikyu, Shinjuku, Meiji Jingu.</em></strong></p><p><img src=\"https://www.nhatbanaz.com/wp-content/uploads/2022/05/lich-mua-thu-la-do-nhat-ban-thang-11-12-620x220.png\" alt=\"Dự báo lịch lá đỏ Nhật Bản Tokyo\" height=\"220\" width=\"620\"></p><h3><strong>Lịch lá đỏ Nhật Bản 2022</strong></h3><p><img src=\"https://www.nhatbanaz.com/wp-content/uploads/2024/09/lich-ngam-la-do-nhat-ban-2021.jpg\" alt=\"Lịch ngắm lá đỏ Nhật Bản 2021\" height=\"500\" width=\"800\"><em>Lịch ngắm lá đỏ Nhật Bản 2021</em></p><p>Đối với mùa thu năm 2022, Tổng công ty Khí tượng Nhật Bản vẫn chưa đưa ra dự báo lịch lá đỏ. Nó có thể sẽ bắt đầu vào giữa tháng 9/2022 đối với miền Bắc Nhật Bản. Tháng 11 năm 2022 là tháng cao điểm đối với Tokyo, Kyoto và các điểm du lịch nổi tiếng khác.</p><p>Tổng công ty Khí tượng Nhật Bản có thể sẽ đưa ra dự báo đầu tiên vào ngày 1/9/2022. Các dự báo tiếp theo sẽ được đưa ra vào đầu tháng 10 và tháng 11 năm 2022.</p>',15000.00,'6727d3d0-0e3f-4327-966c-d6e31a85b8e6-2025-04-15ivivu-tau-shinkansen-750x460.jpg','1','2025-04-15',3,50,4.5,2,'Thưởng ngoạn thảm hoa mùa hè rực rỡ – Đắm chìm trong sắc hoa Cẩm Tú Cầu, Lavender & Hướng Dương rực rỡ tại công viên Oishi!',4,'2025-04-19','2025-04-22','Ga văn quán'),(3,'Du lịch tự túc Phú Quốc: kinh nghiệm, lịch trình & chi phí','<h2><strong>1. Một số thông tin cơ bản về Phú Quốc</strong></h2><p><strong>Phú Quốc hay còn gọi là Đảo Ngọc, là hòn đảo lớn nhất Việt Nam và nằm trong vịnh Thái Lan trên địa phận tỉnh Kiên Giang. Vùng biển Phú Quốc có tổng diện tích là 589,23 km², gần bằng với quốc đảo Sư tử nổi tiếng Singapore. Khu vực vùng biển này có 22 hòn đảo lớn nhỏ và Phú Quốc là đảo lớn nhất với diện tích 580 km² trải dài 49km.</strong></p><p><strong><img src=\"https://phuotvivu.com/blog/wp-content/uploads/2021/04/dao-phu-quoc.jpg\" alt=\"Nên đi du lịch tự túc phú quốc vào tháng mấy, cần chuẩn bị gì, địa điểm và chi phi\" height=\"393\" width=\"703\"><em>Phú Quốc – đảo ngọc hấp dẫn khách du lịch (Hình ảnh: Internet)</em></strong></p><p><strong>Địa hình chủ yếu của đảo Phú Quốc là đồi núi thoai thoải chạy dọc từ Nam ra Bắc. Trong đó, phần đỉnh của Phú Quốc là núi Chúa với độ cao 603m. Ngoài ra, Phú Quốc còn có những vùng biển bao bọc xung quanh với những nơi khá nông có độ sâu chưa tới 10m. Ngoài những nơi biển nông, Phú Quốc còn nổi bật giữa những vùng biển sâu tới 60m. Eo biển này được hình thành từ điểm cắt nhau của cụm đảo cảng An Thới và phần mũi phía Nam của đảo Phú Quốc.</strong></p><p><strong>Ngoài ra, khi bạn đến với Phú Quốc, bạn sẽ may mắn thấy cận mắt hòn đảo trực thuộc khu dự trữ sinh quyển ven biển và biển đảo Kiên Giang. Đảo Ngọc Phú Quốc còn là tỉnh thành được UNESCO công nhận là khu dự trữ sinh quyển thế giới vào năm 2006. Đến với Phú Quốc bạn sẽ được tham quan rất nhiều địa điểm du lịch nổi tiếng cả trong và ngoài nước. Chính vì vậy, du lịch Phú Quốc tự túc hứa hẹn sẽ mang đến cho bạn những trải nghiệm thú vị và mới mẻ.&nbsp;</strong></p><p><strong>Cập nhật ngay bài viết:&nbsp;</strong><a href=\"https://phuotvivu.com/blog/kinh-nghiem-du-lich/du-lich-tu-tuc-tam-dao-kinh-nghiem-lich-trinh-chi-phi/\" rel=\"noopener noreferrer\" target=\"_blank\" style=\"color: rgb(10, 181, 150); background-color: transparent;\"><strong>Du lịch tự túc Tam Đảo: kinh nghiệm, lịch trình &amp; chi phí</strong></a><strong>&nbsp;với những thông tin được cập nhật thường xuyên và chi tiết nhất&nbsp;</strong></p><p><a href=\"https://phuotvivu.com/tour/xe-o-to-dua-don-san-bay-phu-quoc-ve-khach-san\" rel=\"noopener noreferrer\" target=\"_blank\" style=\"color: rgb(255, 255, 255); background-color: rgb(50, 55, 60);\"><strong>TOUR CÙ LAO CÂU 2N1D</strong></a></p><h2><strong>2. Nên đi du lịch Phú Quốc tự túc vào tháng mấy?</strong></h2><p><strong>Phú Quốc thuộc kiểu khí hậu nhiệt đới gió mùa nên thời tiết mát mẻ quanh năm. Chính vì thế, khi bạn Đặt chân đến Phú Quốc, bạn sẽ cảm nhận rõ ràng nơi đây có 2 mùa:</strong></p><ul><li><strong>Mùa khô:</strong>&nbsp;kéo dài từ tháng 11 đến tháng 4</li><li><strong>Mùa mưa:</strong>&nbsp;bắt đầu từ tháng 5 và kết thúc vào tháng 10</li></ul><p><strong><img src=\"https://phuotvivu.com/blog/wp-content/uploads/2020/06/Phu-Quoc-6.jpg\" alt=\"Nên đi du lịch tự túc phú quốc vào tháng mấy, cần chuẩn bị gì, địa điểm và chi phi\" height=\"800\" width=\"1200\"><em>Nên đi du lịch tự túc Phú Quốc vào tháng mấy? Câu trả lời có là từ tháng 11 đến tháng 4 – những tháng mùa khô (Hình ảnh: Internet)</em></strong></p><p><strong>Thời gian lý tưởng nhất để bạn du lịch Phú Quốc tự túc là vào mùa khô. Bởi vì Phú Quốc vào mùa khô trời ít mưa, nắng nhẹ, biển êm dịu nên rất thích hợp cho các hoạt động du lịch ngoài trời. Tuy nhiên, nếu bạn chỉ rảnh rỗi mấy tháng hè thì cũng có thể đến với Phú Quốc vào mùa mưa. Mùa này, lượng mưa ở đây khá lớn, nên nếu du lịch Phú Quốc vào mùa mưa bạn nên lựa chọn địa điểm tham quan, vui chơi trong nhà. Ngoài ra, bạn cũng nên trang bị đầy đủ quần áo, dù và áo mưa để chuyến du lịch Phú Quốc dù là mùa mưa nhưng vẫn thật tuyệt vời.&nbsp;</strong></p><p><strong>Cập nhật mới nhất về:&nbsp;</strong><a href=\"https://phuotvivu.com/blog/kinh-nghiem-du-lich/viet-nam/du-lich-bai-chay-quang-ninh-kinh-nghiem-lich-trinh-chi-phi/\" rel=\"noopener noreferrer\" target=\"_blank\" style=\"color: rgb(10, 181, 150); background-color: transparent;\"><strong>Du lịch Bãi Cháy Quảng Ninh: kinh nghiệm, lịch trình &amp; chi phí&nbsp;</strong></a><strong>để bạn tự tin khám phá dù lần đầu đặt chân đến&nbsp;</strong></p><p><a href=\"https://phuotvivu.com/tour/tour-kham-pha-4-dao-phu-quoc-bang-cano\" rel=\"noopener noreferrer\" target=\"_blank\" style=\"color: rgb(255, 255, 255); background-color: rgb(50, 55, 60);\"><strong>TOUR 4 ĐẢO PHÚ QUỐC</strong></a></p><p><br></p><h2><strong>3. Hướng dẫn cách di chuyển đến Phú Quốc</strong></h2><h3><strong>Máy bay</strong></h3><p><strong>Máy bay là phương tiện di chuyển nhanh chóng và tiện lợi nhất mà bạn có thể lựa chọn khi du lịch tự túc đến Phú Quốc. Có rất nhiều hãng hàng không như: Vietnam Airlines, Vietjet, Bamboo đã mở đường bay thẳng đến sân bay Phú Quốc. Vậy nên, bạn có thể lựa chọn thời gian bay và hãng bay phù hợp với kế hoạch của bản thân. Theo kinh nghiệm của Phượt, bạn nên săn vé máy bay khoảng 1 tháng trước khi đi để có được giá rẻ hơn. Thêm nữa là bạn nên bật chế độ thông báo trên di động để săn sale vé máy bay “0 đồng” từ các hãng nhé! Giá vé tham khảo cho các chuyến bay đến Phú Quốc:</strong></p><ul><li>Xuất phát từ Sài Gòn, Cần Thơ:&nbsp;khoảng 500.000 vnđ – 700.000 vnđ/ chặng</li><li>Xuất phát từ Hà Nội, Hải Phòng:&nbsp;khoảng 700.000 vnđ – 1.000.000 vnđ/ chặng</li><li>Xuất phát từ Đà Nẵng:&nbsp;khoảng 600.000 vnđ – 700.000 vnđ/ chặng</li></ul><p><strong><img src=\"https://phuotvivu.com/blog/wp-content/uploads/2021/03/may-bay.jpg\" alt=\"Nên đi du lịch tự túc phú quốc vào tháng mấy, cần chuẩn bị gì, địa điểm và chi phi\" height=\"700\" width=\"1200\"><em>Đi du lịch Phú Quốc cần chuẩn bị gì? Đó sẽ là 1 cặp vé máy bay giá rẻ giúp bạn tiết kiệm chi phí (Hình ảnh: Internet)</em></strong></p><p><strong>Bật mí:</strong><a href=\"https://phuotvivu.com/blog/kinh-nghiem-du-lich/viet-nam/tp-ho-chi-minh/\" rel=\"noopener noreferrer\" target=\"_blank\" style=\"color: rgb(10, 181, 150); background-color: transparent;\"><strong>&nbsp;Kinh nghiệm du lịch Tp. Hồ Chí Minh tự túc</strong></a><strong>&nbsp;với tất tần tật thông để bạn vi vu khám phá dễ dàng&nbsp;</strong></p><p><a href=\"https://phuotvivu.com/tour/tour-tham-quan-bac-dao-rach-vem-mui-ham-rong-rung-nguyen-sinh-o-phu-quoc\" rel=\"noopener noreferrer\" target=\"_blank\" style=\"color: rgb(255, 255, 255); background-color: rgb(50, 55, 60);\"><strong>TOUR BẮC ĐẢO: RẠCH VẸM – RỪNG NGUYÊN SINH</strong></a></p><h3><strong>Xe khách</strong></h3><p><strong>Nếu bạn muốn tiết kiệm chi phí khi du lịch Phú Quốc, bạn có thể lựa chọn di chuyển bằng xe khách. Những nhà xe uy tín và chất lượng mà bạn có thể sử dụng khi di chuyển từ HCM là: Futa, Kumho, Thiện Thành… Để đến với Phú Quốc, sẽ có hai bến tàu chính mà bạn có thể chọn. Đó là Hà Tiên và Rạch Giá với thời gian di chuyển khác nhau. Sau khi chọn xong, bạn sẽ đi tàu cao tốc để tới Đảo Ngọc Phú Quốc.</strong></p><ul><li>Sài Gòn –&nbsp;Hà Tiên:&nbsp;khoảng 180.000 vnđ.&nbsp;</li><li>Sài Gòn – Rạch Giá:&nbsp;khoảng 150.000 vnđ.</li></ul><p><strong>Noted:&nbsp;Thời gian bạn di chuyển từ bến tàu Hà Tiên ra đảo Phú Quốc sẽ nhanh hơn so với việc xuất phát từ Rạch Giá.&nbsp;</strong></p><p><strong><img src=\"https://phuotvivu.com/blog/wp-content/uploads/2024/10/xe-khach.jpg\" alt=\"xe-khach\" height=\"769\" width=\"1024\"><em>Di chuyển tới Phú Quốc bằng xe khách (Hình ảnh: Internet)</em></strong></p><p><strong>Đọc ngay bài viết:</strong><a href=\"https://phuotvivu.com/blog/kinh-nghiem-du-lich/du-lich-tu-tuc-ha-noi-kinh-nghiem-lich-trinh-chi-phi/\" rel=\"noopener noreferrer\" target=\"_blank\" style=\"color: rgb(10, 181, 150); background-color: transparent;\"><strong>&nbsp;Du lịch tự túc Hà Nội: kinh nghiệm, lịch trình &amp; chi phí</strong></a><strong>&nbsp;đầy đủ và chi tiết nhất năm nay để bạn khám phá thủ đô trọn vẹn hơn&nbsp;</strong></p><p><a href=\"https://phuotvivu.com/tour/xe-o-to-dua-don-san-bay-phu-quoc-ve-khach-san3\" rel=\"noopener noreferrer\" target=\"_blank\" style=\"color: rgb(255, 255, 255); background-color: rgb(50, 55, 60);\"><strong>THUÊ XE SÂN BAY – KHÁCH SẠN PHÚ QUỐC</strong></a></p><h3><strong>Xe máy</strong></h3><p><strong>Phương tiện tiếp theo mà bạn có thể sử dụng khi du lịch Phú Quốc tự túc đó là xe máy. Nếu bạn bị say xăng và không thích di chuyển bằng máy bay, xe máy sẽ là phương tiện phù hợp với bạn. Với hành trình phượt xe máy đến Phú Quốc, bạn không những được nhìn ngắm cảnh quan hai bên đường ở cự ly gần. Mà bạn còn được tự chủ về thời gian di chuyển cũng như nghỉ ngơi suốt hành trình. Dựa trên kinh nghiệm phượt xe máy lâu năm của Phượt, bạn nên rèn luyện sức khỏe trước nửa tháng để có một chuyến đi an toàn. Và bạn cũng đừng quên đổ đầy bình xăng và kiểm tra kỹ máy móc của xe trước khi lên đường nhé!</strong></p><p><strong>Noted:&nbsp;Khi du lịch Phú Quốc bằng xe máy, bạn sẽ mất thêm khoản chi phí mang xe ra đảo là 130.000 vnđ – 200.000 vnđ.&nbsp;</strong></p><p><strong><img src=\"https://phuotvivu.com/blog/wp-content/uploads/2024/12/xe-may.webp\" alt=\"TP HCM\" height=\"390\" width=\"700\"><em>Di chuyển tới Phú Quốc bằng xe máy (Hình ảnh: Internet)</em></strong></p><p><a href=\"https://phuotvivu.com/tour/ve-tau-cao-toc-tu-ha-tien-di-phu-quoc-1692177884163\" rel=\"noopener noreferrer\" target=\"_blank\" style=\"color: rgb(255, 255, 255); background-color: rgb(50, 55, 60);\"><strong>VÉ TÀU HÀ TIÊN – PHÚ QUỐC</strong></a></p><h3><strong>Phà/ Tàu cao tốc</strong></h3><p><strong>Dù bạn đi tàu hỏa, ô tô hay xe máy thì cuối cùng bạn cũng sẽ phải di chuyển bằng tàu cao tốc để ra đảo Phú Quốc. Bạn có thể lựa chọn đi tàu từ bến cảng Rạch Giá hoặc Hà Tiên để đến Đảo Ngọc. Hiện đang có hai cơ sở hoạt động, đó là:</strong></p><ul><li>Phú Quốc Express:&nbsp;nếu bạn không cần mang theo xe máy, bạn có thể lựa chọn di chuyển bằng tàu cao tốc của hãng này. Với hành trình lướt trên sóng biển trong khoảng hơn 1 giờ đồng hồ, bạn sẽ được thưởng ngoạn thiên nhiên đất trời theo một cách khác.&nbsp;</li><li>Tàu Superdong:&nbsp;bạn có thể di chuyển bằng phà hoặc tàu cao tốc. Nếu di chuyển bằng phà, bạn sẽ có thể mang thêm xe máy và thời gian di chuyển khoảng 3 tiếng đồng hồ. Nếu bạn bị say sóng thì nên ăn lót dạ và uống thuốc trước khi lên phà khoảng 30 phút. Trong trường hợp bạn muốn đi nhanh hơn, bạn hãy lựa chọn đi tàu cao tốc với thời gian di chuyển khoảng hơn 1 giờ.&nbsp;</li></ul><p><strong><img src=\"https://phuotvivu.com/blog/wp-content/uploads/2021/04/tau-superdong.png\" alt=\"Nên đi du lịch tự túc phú quốc vào tháng mấy, cần chuẩn bị gì, địa điểm và chi phi\" height=\"272\" width=\"659\"><em>Đi du lịch Phú Quốc cần chuẩn bị gì? Nếu chưa kịp săn vé máy bay giá rẻ, tàu cao tốc sẽ là một phương án thay thế giúp bạn tiết kiệm chi phí đấy! (Hình ảnh: Internet)</em></strong></p><p><strong>Noted:&nbsp;Giá vé sẽ có sự chênh lệch phụ thuộc vào hãng và bến cảng nơi bạn xuất phát.&nbsp;</strong></p><h2><strong>4. Phương tiện di chuyển khi du lịch Phú Quốc tự túc</strong></h2><h3><strong>Taxi</strong></h3><p><strong>Nếu bạn đi theo nhóm đông người hoặc gia đình có trẻ em hay người lớn. Taxi là phương tiện hợp lý nhất dành cho chuyến du lịch Phú Quốc của bạn. Bởi vì taxi di chuyển khá đảm bảo và bạn cũng không cần lo lắng về chuyện bị lạc đường. Tuy nhiên, nhược điểm của taxi là giá thành khá cao và khó bắt xe cho địa điểm tiếp theo. Vậy nên nếu di chuyển bằng taxi trong suốt hành trình du lịch khám phá Phú Quốc, bạn sẽ tốn khoản chi phí khá cao đấy.&nbsp;</strong></p><p><strong><img src=\"https://phuotvivu.com/blog/wp-content/uploads/2024/10/TAXI.jpg\" alt=\"taxi\" height=\"1080\" width=\"1920\"><em>Di chuyển ở Phú Quốc bằng xe Taxi (Hình ảnh: Internet)</em></strong></p><h3><strong>Xe bus</strong></h3><p><strong>Xe bus là một phương tiện di chuyển khá phổ biến của người dân Phú Quốc. Hiện tại xe bus Phú Quốc có 3 tuyến hoạt động trong khung giờ từ 6h00 đến 18h00, đó là:&nbsp;</strong></p><ul><li>Sân bay Phú Quốc – Dương Đông</li><li>Sân bay Phú Quốc – An Thới</li><li>Dương Đông – An Thới</li></ul><p><strong>Hầu hết khách du lịch Phú Quốc tự túc không lựa chọn di chuyển bằng xe bus. Bởi vì tần suất của mỗi tuyến xe là 20 phút/ chuyến nên bạn sẽ phải mất công chờ đợi và chen chúc nhau khi di chuyển. Thêm nữa là bạn còn phải đi bộ hoặc bắt xe ôm để đi đến đúng địa điểm bạn muốn tham quan. Vậy nên, bạn hãy cân nhắc để lựa chọn hình thức di chuyển để có một chuyến đi vui vẻ nhất nhé!</strong></p><p><strong>Giá vé xe bus:&nbsp;từ 10.000 vnđ đến 30.000 vnđ.&nbsp;</strong></p><p><strong><img src=\"https://phuotvivu.com/blog/wp-content/uploads/2024/10/Xe-buyt-cao-cap.webp\" alt=\"xe buýt\" height=\"315\" width=\"600\"><em>Di chuyển đến Phú Quốc bằng xe nhanh chóng (Hình ảnh: Internet)</em></strong></p><h3><strong>Xe máy</strong></h3><p><strong>Phương tiện di chuyển tại Phú Quốc tiếp theo mà Phượt muốn giới thiệu với bạn đó là xe máy. Bạn có thể tự đem theo xe máy hoặc thuê tại khách sạn và các cơ sở cho thuê. Chi phí thuê xe máy cho bạn khi đi du lịch Phú Quốc là khoảng 120.000 vnđ – 150.000 vnđ/ 24h. Dưới đây là một số cơ sở cho thuê xe máy uy tín bạn có thể tham khảo:</strong></p><ul><li class=\"ql-indent-1\"><strong>Anh Phú:</strong>&nbsp;0909 29 69 89 hoặc 0977 89 39 79</li><li class=\"ql-indent-1\"><strong>Minh Mẫn:</strong>&nbsp;0913 027 823</li><li class=\"ql-indent-1\"><strong>Anh Kiệt:&nbsp;</strong>093 163 82 86</li><li class=\"ql-indent-1\">Anh Tính:&nbsp;0909 89 59 69</li></ul><p><strong><img src=\"https://phuotvivu.com/blog/wp-content/uploads/2021/08/xe-m%C3%A1y.jpg\" alt=\"xe máy\" height=\"562\" width=\"1000\"><em>Du lịch Phú Quốc bằng xe máy và ngắm nhìn thiên nhiên dễ dàng (Hình ảnh: Internet)</em></strong></p><h3><strong>Xe ô tô có tài xế riêng</strong></h3><p><strong>Phương tiện di chuyển cuối cùng mà bạn có thể lựa chọn khi du lịch Phú Yên tự túc. Đó là thuê xe ô tô kèm tài xế của các hãng du lịch và cơ sở kinh doanh khác. Hình thức di chuyển này tương tự như với taxi. Nhưng khi đi du lịch Phú Quốc theo nhóm từ 3 người trở lên thì thuê xe ô tô sẽ tiết kiệm chi phí cho bạn hơn so với taxi. Ngoài ra, khi đặt xe qua các hãng lữ hành, bạn sẽ được tư vấn để có một lịch trình khám phá Phú Quốc hấp dẫn và trọn vẹn hơn.</strong></p><p><strong><img src=\"https://phuotvivu.com/blog/wp-content/uploads/2021/01/thue-xe-bali.png\" alt=\"Nên đi du lịch tự túc phú quốc vào tháng mấy, cần chuẩn bị gì, địa điểm và chi phi\" height=\"667\" width=\"1000\"><em>Đi du lịch Phú Quốc cần chuẩn bị gì? Hãy đặt trước cho mình 1 xe ô tô đi theo lịch trình riêng của bạn (Hình ảnh: Internet)</em></strong></p><h2><strong style=\"background-color: rgb(244, 244, 244); color: rgb(10, 10, 10);\">5. Top địa điểm du lịch hấp dẫn ở Phú Quốc</strong></h2><h3><strong style=\"background-color: rgb(244, 244, 244); color: rgb(10, 10, 10);\">5.1 Du lịch tự túc khám phá thị trấn Dương Đông Phú Quốc</strong></h3><h4><strong style=\"background-color: rgb(244, 244, 244); color: rgb(10, 10, 10);\">Dinh Cậu</strong></h4><p><strong style=\"background-color: rgb(244, 244, 244); color: rgb(10, 10, 10);\">Địa điểm đầu tiên nằm chắn ngay cửa sông Dương Đông mà bạn nên tham quan khi du lịch Phú Quốc đó là Dinh Cậu. Dinh Cậu đứng hiên ngang trên một tảng đá khổng lồ đang hướng mặt ra biển. Cho đến hiện tại, vẫn chưa ai có thể xác định được Dinh Cậu có tự bao giờ. Người ta chỉ suy đoán rằng ngôi dinh hiện nay được khởi công xây dựng từ năm 1937.&nbsp;</strong></p><p><strong style=\"background-color: rgb(244, 244, 244); color: rgb(10, 10, 10);\"><img src=\"https://phuotvivu.com/blog/wp-content/uploads/2021/04/dinh-cau-phu-quoc.jpg\" alt=\"Nên đi du lịch tự túc phú quốc vào tháng mấy, cần chuẩn bị gì, địa điểm và chi phi\" height=\"390\" width=\"834\"></strong><strong style=\"color: rgb(10, 10, 10);\"><em>Đi du lịch Phú Quốc cần chuẩn bị gì? Đó chính là một lịch trình chi tiết và không thể bỏ qua địa điểm Dinh Cậu (Hình ảnh: Internet)</em></strong></p><p><strong style=\"background-color: rgb(244, 244, 244); color: rgb(10, 10, 10);\">Với hành trình chinh phục Dinh Cậu, bạn sẽ nhìn thấy một ngôi miếu Thổ Thần nằm phía bên tay phải đầu tiên. Sau đó, khi hướng mắt sang bên trái bạn sẽ có thể nhìn thấy ngọn hải đăng cao 11m. Ngọn hải đăng này được xây dựng với mục đích hướng dẫn tàu bè vào cửa Dương Đông. Tiếp tục hành trình leo 29 bậc thang bằng đá. Bạn sẽ tìm thấy bàn thờ Ông Thiên và tượng thờ Nhị đầu Vương Thái Tử cùng với bài vị cung thỉnh Chủ Ngọc Nương Nương. Một thông tin mà bạn không nên bỏ qua. Đó là nếu bạn đi du lịch Phú Quốc tự túc vào đúng dịp lễ hội, bạn sẽ được hòa mình vào không khí linh thiêng nơi đây.&nbsp;</strong></p><p><strong style=\"background-color: rgb(244, 244, 244); color: rgb(10, 10, 10);\">Noted:&nbsp;Lễ hội cầu an tại Dinh Cậu được tổ chức vào ngày 16/10 âm lịch.</strong></p><h4><strong style=\"background-color: rgb(244, 244, 244); color: rgb(10, 10, 10);\">Bãi Trường</strong></h4><p><strong style=\"background-color: rgb(244, 244, 244); color: rgb(10, 10, 10);\">Bãi Trường là khu phức hợp du lịch lớn nhất đảo Phú Quốc trải dài gần 20km từ mũi Dinh Cậu cho đến Khóe Tàu Rũ. Từ sân bay Phú Quốc, bạn chỉ cần chạy xe khoảng 7 phút là sẽ đến Bãi Trường. Bãi Trường không những sở hữu một cảnh quan non nước hữu tình. Mà nơi đây còn là địa điểm nuôi cấy Ngọc Trai lớn nhất Phú Quốc. Chính vì vậy, Bãi Trường chắc chắn sẽ mang đến cho bạn những trải nghiệm thú vị nhất trong hành trình du lịch Phú Quốc tự túc.&nbsp;</strong></p><p><strong style=\"background-color: rgb(244, 244, 244); color: rgb(10, 10, 10);\"><img src=\"https://phuotvivu.com/blog/wp-content/uploads/2021/04/bai-truong-phu-quoc.jpg\" alt=\"Nên đi du lịch tự túc phú quốc vào tháng mấy, cần chuẩn bị gì, địa điểm và chi phi\" height=\"545\" width=\"1024\"></strong></p><p><strong style=\"background-color: rgb(244, 244, 244); color: rgb(10, 10, 10);\">Đến với Bãi Trường, phóng tầm mắt ra xa, bạn sẽ tìm thấy những rừng cây xanh thẳm đang đung đưa trong gió. Còn khi bạn tiến ra phía ngoài biển một chút, bạn sẽ được tận mắt nhìn thấy bãi đá nhỏ nhắn với những hình thù độc đáo. Ngoài ra, một trải nghiệm mà bạn không nên bỏ lỡ khi đến với Bãi Trường. Đó chính là ngụp lặn trong dòng nước biển xanh trong và mát rượi. Và đừng quên ra biển để ngắm hoàng hôn tuyệt đẹp in bóng trên Bãi Trường.&nbsp;</strong></p><h3><strong style=\"background-color: rgb(244, 244, 244); color: rgb(10, 10, 10);\">5.2 Khám phá Bắc đảo Phú Quốc</strong></h3><h4><strong style=\"background-color: rgb(244, 244, 244); color: rgb(10, 10, 10);\">Bãi Ông Lang Phú Quốc</strong></h4><p><strong style=\"background-color: rgb(244, 244, 244); color: rgb(10, 10, 10);\">Bãi Ông Lang là địa điểm du lịch hấp dẫn tiếp theo mà Phượt muốn giới thiệu với bạn trong hành trình khám phá Phú Quốc. Nơi đây nằm cách thị trấn Dương Đông hơn 7km với khoảng hơn 15 phút chạy xe.&nbsp;</strong></p><p><strong style=\"background-color: rgb(244, 244, 244); color: rgb(10, 10, 10);\"><img src=\"https://phuotvivu.com/blog/wp-content/uploads/2021/04/bai-ong-lang.jpg\" alt=\"Nên đi du lịch tự túc phú quốc vào tháng mấy, cần chuẩn bị gì, địa điểm và chi phi\" height=\"409\" width=\"805\"></strong><strong style=\"color: rgb(10, 10, 10);\"><em>Đi du lịch Phú Quốc vào mấy tháng mùa khô, đừng nên bỏ qua địa điểm du lịch Bãi Ông Lang tuyệt đẹp này (Hình ảnh: Internet)</em></strong></p><p><strong style=\"background-color: rgb(244, 244, 244); color: rgb(10, 10, 10);\">Đến với bãi Ông Lang, bạn sẽ tận mắt nhìn thấy một tuyệt tác thiên nhiên được tô điểm từ những bãi đá lớn, đồi cát vàng và hàng dương xanh chạy dài. Ngoài ra, bạn cũng có thể thỏa thích bơi lội cũng như khám phá sinh vật biển đa dạng dưới làn nước trong xanh. Đặc biệt hơn nữa là bạn còn có thể chèo thuyền kayak lênh đênh giữa biển nước yên bình nơi đây. Với nhiều trải nghiệm hấp dẫn như vậy, Bãi Ông Lang chắc chắn sẽ là một điểm đến thú vị cho chuyến du lịch tự túc Phú Quốc của bạn.&nbsp;</strong></p><h4><strong style=\"background-color: rgb(244, 244, 244); color: rgb(10, 10, 10);\">Vinpearl Safari</strong></h4><p><strong style=\"background-color: rgb(244, 244, 244); color: rgb(10, 10, 10);\">Địa điểm tiếp theo mà bạn không thể bỏ qua khi du lịch Phú Quốc là Vinpearl Safari. Vinpearl Safari hiện đang là vườn thú mở lớn nhất tại Việt Nam với hơn 2.000 loài động vật hoang dã. Đến với Vinpearl Safari, bạn sẽ được tham quan cũng như tìm hiểu hơn 2.000 loài động vật tại 2 khu vực đó là:</strong></p><ul><li><strong style=\"background-color: rgb(244, 244, 244); color: rgb(10, 10, 10);\">Công viên động vật hoang dã:&nbsp;Đến với khu vực công viên này, bạn sẽ được tận mắt nhìn thấy 660 cá thể của 45 loài động vật hoang dã đến từ khắp nơi trên thế giới. Một số loài động vật bạn có thể tìm thấy như: Tê Giác Trắng, Hổ Bengal, Sư Tử Châu Phi, Hươu Cao Cổ , Ngựa Vằn và các loài Linh Dương Châu Phi…</strong></li><li><strong style=\"background-color: rgb(244, 244, 244); color: rgb(10, 10, 10);\">Khu vườn thú mở:&nbsp;Là nơi cư ngụ của 1.500 cá thể của 100 loài động vật quý hiếm như: Tinh Tinh, Chà Vá Chân Đen, Vượn Cáo Trắng Đen, Vượn Cáo Đuôi Khoang, Hà Mã Lùn, Hồng Hạc và Gà Lôi Lam Đuôi Trắng… Khi đến với khu vườn thú mở bạn sẽ được trải nghiệm “nhốt người thả thú” vô cùng ấn tượng. Thực tế của trải nghiệm này là bạn sẽ ngồi trên xe bus có cửa kính bảo vệ và ngắm nhìn những con thú với cự ly rất gần.</strong></li></ul><p><strong style=\"background-color: rgb(244, 244, 244); color: rgb(10, 10, 10);\"><img src=\"https://phuotvivu.com/blog/wp-content/uploads/2021/04/vinpearl-safari-phu-quoc.jpg\" alt=\"Nên đi du lịch tự túc phú quốc vào tháng mấy, cần chuẩn bị gì, địa điểm và chi phi\" height=\"623\" width=\"1000\"></strong><strong style=\"color: rgb(10, 10, 10);\"><em>Đi du lịch Phú Quốc, bạn cần chuẩn bị dành ra 1 ngày để tham quan và có trải nghiệm “rất ra gì” ở Vinpearl Safari nhé (Hình ảnh: Internet)</em></strong></p><p><strong style=\"background-color: rgb(244, 244, 244); color: rgb(10, 10, 10);\">Thời gian hoạt động:&nbsp;9h – 16h30 hàng ngày.&nbsp;</strong></p><p><strong style=\"background-color: rgb(244, 244, 244); color: rgb(10, 10, 10);\">Noted:&nbsp;Để tiết kiệm chi phí cho chuyến du lịch Phú Quốc, bạn hãy đi xe bus miễn phí của Vinpearl để đến vườn thú. Chặng đường của tuyến xe bus này xuất phát từ thị trấn Dương Đông đến Vinpearl Safari.</strong></p><h4><strong style=\"background-color: rgb(244, 244, 244); color: rgb(10, 10, 10);\">Bãi Dài</strong></h4><p><strong style=\"background-color: rgb(244, 244, 244); color: rgb(10, 10, 10);\">Bãi Dài thuộc địa phận hành chính huyện đảo Phú Quốc trải dài 15km từ Mũi Gành Dầu đến Cửa Cạn. Khi đặt chân đến Bãi Dài, ánh mắt của bạn chắc chắn sẽ bị cuốn hút bởi bãi biển trong xanh, hàng dừa cao phấp phới và bãi cát trắng mịn trải dài. Đặc biệt hơn nữa là bạn sẽ được tận mắt chứng kiến “quá trình biến đổi màu sắc” của nước biển ở đây. Để giải thích cho hiện tượng đổi màu tại Bãi Dài thì khó có thể giải thích hết. Nhưng chủ yếu là do Bãi Dài có những chỗ nông sâu khác nhau nên nước biển có lúc đổi sang màu tím than, ngọc thạch rồi lại ửng hồng tựa như nàng thiếu nữ đang e thẹn. Chính vì vẻ đẹp thiên nhiên thơ mộng ấy, Bãi Dài là điểm đến hoàn hảo cho chuyến du lịch nghỉ dưỡng Phú Quốc tự túc của bạn.&nbsp;</strong></p><p><strong style=\"background-color: rgb(244, 244, 244); color: rgb(10, 10, 10);\"><img src=\"https://phuotvivu.com/blog/wp-content/uploads/2021/04/bai-dai-phu-quoc.jpg\" alt=\"Nên đi du lịch tự túc phú quốc vào tháng mấy, cần chuẩn bị gì, địa điểm và chi phi\" height=\"461\" width=\"751\"></strong><strong style=\"color: rgb(10, 10, 10);\"><em>Bạn nên lưu trú tại Vinpearl để thưởng thức vẻ đẹp của Bãi Dài Phú Quốc (Hình ảnh: Internet)</em></strong></p><p><strong style=\"background-color: rgb(244, 244, 244); color: rgb(10, 10, 10);\">Noted:&nbsp;Hiện nay Bãi Dài đã thuộc quyền sở hữu của tập đoàn Vingroup. Vì vậy bạn sẽ phải lưu trú tại Vinpearl Resort để có thể tận mắt chứng kiến vẻ đẹp hiền hậu và nên thơ của Bãi Dài.&nbsp;</strong></p><h4><strong style=\"background-color: rgb(244, 244, 244); color: rgb(10, 10, 10);\">Mũi Gành Dầu</strong></h4><p><strong style=\"background-color: rgb(244, 244, 244); color: rgb(10, 10, 10);\">Hành trình du lịch Phú Quốc tự túc của bạn sẽ mang một màu sắc mới khi bạn đến với Gành Dầu. Từ trên cao nhìn xuống, mũi Gành Dầu tựa như một chú hải âu đang dang rộng đôi cánh bay giữa biển trời rộng lớn. Đến đây, bạn sẽ được nhìn ngắm một mũi Gành Dầu được bao bọc bởi rừng cây xanh ngát mọc lan ra tới tận mép biển. Đặc biệt hơn nữa đó là bạn còn có thể soi bóng xuống dòng nước trong xanh không chút cặn bẩn ở Gành Dầu.</strong></p><p><strong style=\"background-color: rgb(244, 244, 244); color: rgb(10, 10, 10);\"><img src=\"https://phuotvivu.com/blog/wp-content/uploads/2021/04/Mui-Ganh-Dau-Phu-Quoc.jpg\" height=\"1113\" width=\"1997\"></strong><strong style=\"color: rgb(10, 10, 10);\"><em>Mũi Gành Dầu Phú Quốc – địa điểm du lịch nên đi vào những mấy tháng mùa khô tại Phú Quốc (Hình ảnh: Internet)</em></strong></p><p><strong style=\"background-color: rgb(244, 244, 244); color: rgb(10, 10, 10);\">Sau khi chiêm ngưỡng vẻ đẹp thiên nhiên tại mũi Gành Dầu. Bạn còn có thể cùng người dân làng chài dong buồm ra khơi đánh bắt cá và câu mực đêm. Với quang cảnh thiên nhiên cuốn hút và những trải nghiệm thú vị như vậy. Gành Dầu hứa hẹn là một địa điểm du lịch hấp dẫn cho hành trình khám phá Phú Quốc của bạn.</strong></p><h4><strong style=\"background-color: rgb(244, 244, 244); color: rgb(10, 10, 10);\">Vườn tiêu Phú Quốc</strong></h4><p><strong style=\"background-color: rgb(244, 244, 244); color: rgb(10, 10, 10);\">Huyện Phú Quốc không chỉ nổi tiếng với những quần đảo xinh đẹp. Mà nơi đây còn được biết đến là vựa tiêu lớn nhất vùng đồng bằng Sông Cửu Long. Chính vì vậy, bạn hãy đến tham quan vườn tiêu ở Phú Quốc để hành trình du lịch tự túc của bạn được trọn vẹn nhất.&nbsp;</strong></p><p><strong style=\"background-color: rgb(244, 244, 244); color: rgb(10, 10, 10);\"><img src=\"https://phuotvivu.com/blog/wp-content/uploads/2021/04/vuon-tieu-phu-quoc.jpeg\" alt=\"Nên đi du lịch tự túc phú quốc vào tháng mấy, cần chuẩn bị gì, địa điểm và chi phi\" height=\"459\" width=\"765\"></strong><strong style=\"color: rgb(10, 10, 10);\"><em>Vườn tiêu Phú Quốc – địa điểm du lịch nên có trong chuyến đi Phú Quốc của bạn vào mấy tháng mùa khô (Hình ảnh: Internet)</em></strong></p><p><strong style=\"background-color: rgb(244, 244, 244); color: rgb(10, 10, 10);\">Khi đến với vườn tiêu Phú Quốc, bạn chắc chắn sẽ ngỡ như đang lạc vào một mê cung với những nọc tiêu thẳng tắp cao hơn 3m. Không chỉ vậy, bạn còn ngửi thấy một mùi thơm cay nồng ngào ngạt mỗi độ tiêu chín. Đã đến thăm vườn tiêu Phú Quốc, bạn đừng bỏ qua cơ hội xem những người nông dân nơi đây trồng và chăm sóc tiêu nhé! Check in vài tấm hình với vườn tiêu xanh mơn mởn trĩu hạt cũng là “nghi thức” không thể thiếu khi bạn đến đây đấy. Ngoài ra, bạn cũng có thể mua tiêu tại vườn về làm quà hoặc sử dụng nấu ăn trong gia đình. Bạn có thể yên tâm về chất lượng, vì tiêu Phú Quốc nổi tiếng về vị cay nồng và mùi thơm phức không nơi nào sánh bằng.</strong></p><h3><strong style=\"background-color: rgb(244, 244, 244); color: rgb(10, 10, 10);\">5.3 Chinh phục phía Đông đảo Phú Quốc</strong></h3><h4><strong style=\"background-color: rgb(244, 244, 244); color: rgb(10, 10, 10);\">Làng chài Hàm Ninh</strong></h4><p><strong style=\"background-color: rgb(244, 244, 244); color: rgb(10, 10, 10);\">Phía Đông huyện đảo Phú Quốc có một ngôi làng chài cổ Hàm Ninh nương mình dưới chân núi cùng tên. Làng chài Hàm Ninh hiện lên với hình ảnh cuộc sống giản dị của ngư dân xóm chài vùng biển vào những buổi sớm mai. Không chỉ vậy, khi đặt chân đến làng Hàm Ninh, bạn còn sẽ được thưởng ngoạn cảnh sắc thiên nhiên hoang sơ và yên bình nơi đây.</strong></p><p><strong style=\"background-color: rgb(244, 244, 244); color: rgb(10, 10, 10);\"><img src=\"https://phuotvivu.com/blog/wp-content/uploads/2021/04/lang-chai-ham-ninh.jpg\" alt=\"Nên đi du lịch tự túc phú quốc vào tháng mấy, cần chuẩn bị gì, địa điểm và chi phi\" height=\"419\" width=\"744\"></strong><strong style=\"color: rgb(10, 10, 10);\"><em>Làng Chài Hàm Ninh – một trong mấy địa điểm đẹp và bình yên của du lịch Phú Quốc bạn nên đi tham quan vào bất cứ tháng nào trong năm (Hình ảnh: Internet)</em></strong></p><p><strong style=\"background-color: rgb(244, 244, 244); color: rgb(10, 10, 10);\">Để có những trải nghiệm đặc sắc hơn, bạn hãy “hóa thân” thành một ngư dân thực sự để cùng người dân lênh đến trên thuyền và tự mình trải nghiệm kéo lưới đánh bắt cá. Hãy nhớ đừng bỏ qua cơ hội thưởng thức hải sản tươi ngon tại làng Hàm Ninh nhé! Hành trình khám phá làng Hàm Ninh chắc chắn là một “mảnh” ký ức đáng nhớ trong hành trình du lịch Phú Quốc tự túc của bạn đấy.&nbsp;</strong></p><h4><strong style=\"background-color: rgb(244, 244, 244); color: rgb(10, 10, 10);\">Thiền viện Trúc Lâm – Chùa Hộ Quốc</strong></h4><p><strong style=\"background-color: rgb(244, 244, 244); color: rgb(10, 10, 10);\">Địa điểm du lịch tâm linh ở Phú Quốc mà bạn nên ghé đến tham quan đó là Chùa Hộ Quốc. Chùa Hộ Quốc còn được biết đến với cái tên Thiền viện Trúc Lâm. Cho đến thời điểm hiện tại, Hộ Quốc được xem là ngôi chùa lớn nhất đồng bằng Sông Cửu Long với tổng diện tích 12ha.</strong></p><p><strong style=\"background-color: rgb(244, 244, 244); color: rgb(10, 10, 10);\">Tìm đến với chùa Hộ Quốc, bạn sẽ được ngắm nghía một công trình kiến trúc được xây dựng hướng mặt ra biển lớn, còn phần lưng thì dựa vào núi cao. Một điểm nổi bật ở chùa Hộ Quốc mà bạn nên tìm hiểu trước khi đến đây. Chính là Thiền Viện Trúc Lâm còn được thiết kế theo lối kiến trúc của hai triều đại Lý và Trần. Sau khi đã tìm hiểu kỹ, bạn sẽ nhận ra phong cách kiến trúc ở ngôi chùa Hộ Quốc này đặc sắc với những đường nét tỉ mỉ hơn bao giờ hết.</strong></p><p><strong style=\"background-color: rgb(244, 244, 244); color: rgb(10, 10, 10);\"><img src=\"https://phuotvivu.com/blog/wp-content/uploads/2021/04/thien-vien-truc-lam-ho-quoc-phu-quoc.jpg\" alt=\"Thiền viện Trúc Lâm - Chùa Hộ Quốc\" height=\"369\" width=\"751\"></strong><strong style=\"color: rgb(10, 10, 10);\"><em>Viếng thăm Thiền viện Trúc Lâm – Chùa Hộ Quốc (Hình ảnh: Internet)</em></strong></p><p><strong style=\"background-color: rgb(244, 244, 244); color: rgb(10, 10, 10);\">Khi bước vào chùa, bạn sẽ được chiêm ngưỡng bức tượng Phật cẩm thạch đang ngồi uy nghiêm giữa thiền viện. Đây là tượng Phật Bà cao 3m với nụ cười thánh thiện trên môi được chạm khắc tỉ mỉ tạo nên một cảm giác thanh thoát. Tiến lên khoảng 10m, bạn sẽ nhìn thấy một bức tranh nằm ngăn cách hai bên dãy cầu thang dẫn lên Chính điện. Bức tranh này chính là hình ảnh “Rồng bay Phượng múa” được tạc trên nền thạch cao trắng vô cùng cuốn hút. Đặc biệt hơn nữa đó là khi đứng trước Chính điện, bạn còn có thể thu toàn bộ biển đảo Phú Quốc trong tầm mắt.&nbsp;</strong></p><h4><strong style=\"background-color: rgb(244, 244, 244); color: rgb(10, 10, 10);\">Trại chó xoáy Phú Quốc</strong></h4><p><strong style=\"background-color: rgb(244, 244, 244); color: rgb(10, 10, 10);\">Một địa điểm tham quan mới lạ và hấp dẫn khách du lịch tự túc đến với Phú Quốc nhất trong những năm gần đây là trại chó xoáy. Đến với trại chó xoáy ở Phú Quốc bạn sẽ được tìm hiểu về 1 trong 4 giống chó được xếp hạng quốc khuyển ở nước ta. Ngoài ra, bạn còn tìm thấy hơn 200 cá thể tại khu bảo tồn chó xoáy này.</strong></p><p><strong style=\"background-color: rgb(244, 244, 244); color: rgb(10, 10, 10);\"><img src=\"https://phuotvivu.com/blog/wp-content/uploads/2024/12/Trai-cho-xoay-Phu-Quoc.jpg\" alt=\"Ghé thăm trại chó xoáy Phú Quốc (Hình ảnh: Internet) \" height=\"639\" width=\"960\"></strong><strong style=\"color: rgb(10, 10, 10);\"><em>Ghé thăm trại chó xoáy Phú Quốc (Hình ảnh: Internet)</em></strong></p><p><strong style=\"background-color: rgb(244, 244, 244); color: rgb(10, 10, 10);\">Trong quá trình tham quan, bạn còn được hướng dẫn viên giới thiệu về giống chó thuần chủng với những thông tin cực kỳ thú vị. Có một điểm đặc biệt với giống chó này là tai của chúng khi ngủ thường được dán xuống đất để chúng nghe thấy âm thanh nhanh chóng hơn. Sau khi tìm hiểu về loài chó xoáy này, bạn sẽ còn được tiếp tục mãn nhãn với những màn trình diễn vô cùng độc đáo như cuộc đua vượt rào, lội suối, băng rừng… của những vận động viên “khuyển”. Hãy đến tận nơi để được tìm hiểu về giống chó xoáy đặc biệt này nhé!</strong></p><h3><strong style=\"background-color: rgb(244, 244, 244); color: rgb(10, 10, 10);\">5.4 Du lịch tự túc Nam đảo Phú Quốc</strong></h3><h4><strong style=\"background-color: rgb(244, 244, 244); color: rgb(10, 10, 10);\">Bãi Sao Phú Quốc</strong></h4><p><strong style=\"background-color: rgb(244, 244, 244); color: rgb(10, 10, 10);\">Địa điểm du lịch bạn nên đến vui chơi tiếp theo đó là Bãi Sao thuộc thị trấn An Thới huyện Phú Quốc. Bãi Sao được mệnh danh là bãi biển đẹp nhất Phú Quốc với một vẻ đẹp khác lạ và cuốn hút. Điểm khác biệt của Bãi Sao so với những bãi biển khác đó là màu cát trắng tinh và mịn như kem. Đến với Bãi Sao, bạn hãy đi chân trần trên bãi cát trắng mịn ấy hay đơn giản là ngồi thả hồn và ngắm nhìn từng đợt sóng vỗ vào bờ. Ngoài ra, bạn còn có thể tham gia một số hoạt động dưới nước như: lặn biển ngắm san hô, chèo kayak thưởng ngoạn phong cảnh non nước hữu tình… Bãi Sao chắc chắn là một điểm đến đáng để bạn khám phá trong hành trình du lịch Phú Quốc tự túc.&nbsp;</strong></p><p><strong style=\"background-color: rgb(244, 244, 244); color: rgb(10, 10, 10);\"><img src=\"https://phuotvivu.com/blog/wp-content/uploads/2021/04/bai-sao-phu-quoc.jpg\" alt=\"Nên đi du lịch tự túc phú quốc vào tháng mấy, cần chuẩn bị gì, địa điểm và chi phi\" height=\"720\" width=\"960\"></strong><strong style=\"color: rgb(10, 10, 10);\"><em>Bãi sao với mấy chú sao biển siêu “xinh” sẽ là địa điểm mà bạn nên đi khi có chuyến du lịch Phú Quốc vào bất kì tháng nào trong năm (Hình ảnh: Internet)</em></strong></p><p><strong style=\"background-color: rgb(244, 244, 244); color: rgb(10, 10, 10);\">Noted:&nbsp;Bạn có thể ghé thăm nhà tù Phú Quốc cách Bãi Sao chỉ 4km.&nbsp;</strong></p><h4><strong style=\"background-color: rgb(244, 244, 244); color: rgb(10, 10, 10);\">Các hòn đảo đẹp ở Phú Quốc</strong></h4><p><strong style=\"background-color: rgb(244, 244, 244); color: rgb(10, 10, 10);\">Móng Tay, Dây Rút, Dăm Ngang, Hòn Thơm, Gầm Ghì là 5 hòn đảo tuyệt đẹp tọa lạc tại phía Nam đảo Phú Quốc. Hành trình khám phá 5 hòn đảo này sẽ đưa bạn đến những trải nghiệm thú vị nhất. Đầu tiên, bạn sẽ được chiêm ngưỡng vẻ đẹp hoang sơ và vô cùng quyến rũ của đảo. Sau khi thưởng ngoạn cảnh sắc biển xanh, mây trắng, cát vàng của 5 hòn đảo. Bạn sẽ bắt đầu cuộc tìm kiếm những rạn san hô đầy màu sắc ẩn sâu dưới đáy đại dương. Tiếp đến, bạn sẽ được du ngoạn khắp biển cả để câu mực và đánh bắt cá cùng với ngư dân nơi đây. Nếu du lịch tự túc Phú Quốc mà bạn không khám phá những hòn đảo xinh đẹp này thì quả là đáng tiếc.</strong></p><p><strong style=\"background-color: rgb(244, 244, 244); color: rgb(10, 10, 10);\"><img src=\"https://phuotvivu.com/blog/wp-content/uploads/2021/04/hon-thom.jpg\" alt=\"Nên đi du lịch tự túc phú quốc vào tháng mấy, cần chuẩn bị gì, địa điểm và chi phi\" height=\"584\" width=\"840\"></strong><strong style=\"color: rgb(10, 10, 10);\"><em>Hòn Thơm – địa điểm du lịch đẹp ở Phú Quốc (Hình ảnh: Internet)</em></strong></p><h2><strong style=\"background-color: rgb(244, 244, 244); color: rgb(10, 10, 10);\">6. Địa điểm tham quan du lịch khác ở Phú Quốc&nbsp;</strong></h2><ul><li><strong style=\"background-color: rgb(244, 244, 244); color: rgb(10, 10, 10);\">Mộ bà Lê Kim Định</strong></li><li><strong style=\"background-color: rgb(244, 244, 244); color: rgb(10, 10, 10);\">Suối đá bàn</strong></li><li><strong style=\"background-color: rgb(244, 244, 244); color: rgb(10, 10, 10);\">Suối Tranh</strong></li><li><strong style=\"background-color: rgb(244, 244, 244); color: rgb(10, 10, 10);\">Bãi Khem</strong></li><li><strong style=\"background-color: rgb(244, 244, 244); color: rgb(10, 10, 10);\">Bãi Thơm</strong></li><li><strong style=\"background-color: rgb(244, 244, 244); color: rgb(10, 10, 10);\">Làng chài Vạch Rẹm</strong></li><li><strong style=\"background-color: rgb(244, 244, 244); color: rgb(10, 10, 10);\">Khu nuôi cấy ngọc trai</strong></li><li><strong style=\"background-color: rgb(244, 244, 244); color: rgb(10, 10, 10);\">Công viên san hô Namaste</strong></li><li><strong style=\"background-color: rgb(244, 244, 244); color: rgb(10, 10, 10);\">Chợ đêm Phú Quốc</strong></li><li><strong style=\"background-color: rgb(244, 244, 244); color: rgb(10, 10, 10);\">Chợ Dương Đông</strong></li><li><strong style=\"background-color: rgb(244, 244, 244); color: rgb(10, 10, 10);\">Vinpearl Land Phú Quốc</strong></li><li><strong style=\"background-color: rgb(244, 244, 244); color: rgb(10, 10, 10);\">Hòn Đồi Mồi</strong></li><li><strong style=\"background-color: rgb(244, 244, 244); color: rgb(10, 10, 10);\">Nhà tù Phú Quốc</strong></li><li><strong style=\"background-color: rgb(244, 244, 244); color: rgb(10, 10, 10);\">Cơ sở sản xuất rượu Sim</strong></li></ul><p><br></p>',10000.00,'7590548b-1c96-4731-99b6-f332cfcd0240-2025-04-15dao-phu-quoc.jpg','1','2025-04-15',4,0,4.35,1,'Phú Quốc – thành phố đảo đầu tiên của Việt Nam – đang là một địa điểm du lịch hấp dẫn bậc nhất trên dải đất hình chữ S. Vì vậy, nếu bạn đang có dự định du lịch tự túc vào mùa hè này thì đừng bỏ qua hòn đảo Phú Quốc xinh đẹp nhé! Để có một chuyến du lịch hoàn hảo, bạn nên chuẩn bị một lịch trình chi tiết nhất. ',18,'2025-04-26','2025-04-30','PTIT'),(4,'Fresh Đà Lạt - “Đồi hoa vạn sắc” của phố núi mộng mơ','<p class=\"ql-align-justify\"><strong>Fresh Đà Lạt - Rạng ngời sắc hoa nơi đại ngàn gió núi</strong></p><p class=\"ql-align-justify\">Những sắc hoa của Đà Lạt luôn là nỗi nhớ, là niềm thương của biết bao nhiêu người. Những mùa hoa nơi phố núi thân thương này nhiều và đa dạng đến nỗi, người ta có trở lại bao nhiêu lần cũng không đủ, có đi bấy nhiêu bận cũng chẳng vừa.&nbsp;</p><p class=\"ql-align-justify\">Tham khảo thêm:&nbsp;<a href=\"https://dalattrongtoi.com/tour-da-lat/tour-da-lat-trong-toi-1-ngay-tham-quan-cac-diem-moi-da-lat.html\" rel=\"noopener noreferrer\" target=\"_blank\" style=\"color: rgb(64, 144, 229); background-color: transparent;\">Tour tham quan Fresh Đà Lạt hàng ngày</a></p><p class=\"ql-align-justify\"><img src=\"https://dalattrongtoi.com/media/upload/images/du-lich-da-lat/Fresh%20dalat%202.jpg\"></p><p class=\"ql-align-justify\">Trong những ngày đất trời trở mình này, Đà Lạt lại có thêm cho mình một điểm dừng chân hoàn toàn mới, một nơi đầy hoa, đầy những mộng mơ.</p><p class=\"ql-align-justify\">Tọa lạc tại số 90 Vạn Thành, đến với Fresh Đà Lạt, du khách sẽ được trải nghiệm vô vàn những điều bất ngờ, sẽ đi từ bất ngờ này đến bất ngờ khác. Chào đón bước chân người phương xa ghé thăm là những cánh đồng hoa bất tận: từ đồng tiền, lys cho đến các loại hồng đa dạng cả về chủng loại lẫn màu sắc. Hồng đỏ chen hồng xanh, hòa cùng hồng trắng, tạo nên một bức tranh thiên nhiên hoàn hảo và quyến rũ.</p><p class=\"ql-align-justify\">Khuôn viên của Fresh Đà Lạt sẽ khiến bước chân du khách chẳng muốn rời đi bởi những ngọn đồi phủ đầy hoa, từ sắc tím thơ mộng của Lavender cho đến vẻ đẹp tròn đầy của cẩm tú cầu, từ dạ yến thảo cho đến thu hải đường,... dường như tất cả những loài hoa đẹp của phố núi đều hội tụ về nơi đây.</p><p class=\"ql-align-justify\"><strong>Fresh Đà Lạt - Nơi bàn tay con người dựng nên muôn vàn vẻ đẹp</strong></p><p class=\"ql-align-justify\">Vô vàn những mô hình được dựng lên từ bàn tay khéo léo của con người. Du khách sẽ chẳng thể nào thôi trầm trồ với hình ảnh ngôi nhà nhỏ với cối xay gió phủ đầy sắc hoa - khung cảnh ngỡ chỉ có ở một miền quê châu Âu; say mê với những trái tim tình yêu được đính đầy những hoa, trải dài trên khắp lối đi hay mê mẩn trước tiểu cảnh “Vũ công nhảy múa trên cánh đồng hoa”,...</p><p class=\"ql-align-justify\">Lấy tình yêu và vẻ đẹp thiên nhiên làm cảm hứng, hoa làm chất liệu chủ yếu, nơi đây đã được bàn tay khéo léo của con người mang đến một diện mạo mới, có thơ mộng, có sức sống, có quyến rũ và đủ khác biệt để tạo nên điểm nhấn so với những điểm tham quan khác.</p><p class=\"ql-align-justify\"><img src=\"https://dalattrongtoi.com/media/upload/images/du-lich-da-lat/Freshdalat%201.jpg\"></p><p class=\"ql-align-justify\">Một trong những điểm nhấn đáng chú ý mà du khách sẽ có dịp trải nghiệm khi đến nơi đây, chính là thưởng thức cà phê hay bất cứ thức uống hay ho nào đó trong căn nhà cong với thiết kế hình vành khăn, và tất nhiên được phủ đầy hoa. Không chỉ là nơi nghỉ chân, mà từ đây bạn có thể ngắm nhìn được toàn cảnh Fresh Đà Lạt, cảm nhận được vẻ đẹp nguyên sơ của những căn nhà kính thấp thoáng trong sắc xanh của núi rừng, chiêm ngưỡng vẻ đẹp mơ màng của những căn biệt thự Pháp ẩn hiện trong rừng thông phía xa,...</p><p class=\"ql-align-justify\"><strong>Fresh Đà Lạt - Nơi thỏa mãn ước mong được tìm hiểu nông nghiệp trồng trọt của du khách</strong></p><p class=\"ql-align-justify\">Đến với Fresh Đà Lạt, ngoài được thỏa sức bay bổng trong muôn vàn sắc hoa, được thỏa thuê ghi lại những khoảnh khắc đẹp thì du khách đến đây còn có cơ hội được tham quan vườn dâu tươi, được tìm hiểu và trải nghiệm qua các mô hình trình diễn rau trồng thủy canh.</p><p class=\"ql-align-justify\"><img src=\"https://dalattrongtoi.com/media/upload/images/du-lich-da-lat/Fresh%20dalat.jpg\"></p><p class=\"ql-align-justify\">Là điểm đến “nhiều trong một”, đến nơi đây du khách còn có cơ hội được chiêm ngưỡng những quả bí ngô khổng lồ trong cánh đồng rơm, được tận mắt thấy những vườn cà chua lúc lỉu quả hay những quả dưa leo baby xinh xinh.&nbsp;</p><p class=\"ql-align-justify\">Hãy đến với Fresh Đà Lạt, để cảm nhận thiên nhiên, để say trong sắc hoa và ngắm nhìn một Đà Lạt thật đẹp, bạn nhé!</p><p><br></p>',5000.00,'94ce3974-c0aa-4b2c-b22e-00d5b35798ec-2025-04-15Fresh dalat 2.jpg','1','2025-04-15',10,0,3.5,1,'Bạn là người yêu những sắc hoa của Đà Lạt? Bạn luôn hứng thú trước những vườn rau rộng lớn, trước những chùm dâu trĩu mọng lúc lỉu? Vậy thì Fresh Đà Lạt chính là điểm đến bạn nhất định phải đến trong những chuyến đi tiếp theo của mình.',8,'2025-04-15','2025-04-25','Hồ văn quán ');
/*!40000 ALTER TABLE `tours` ENABLE KEYS */;
UNLOCK TABLES;

--
-- Table structure for table `users`
--

DROP TABLE IF EXISTS `users`;
/*!40101 SET @saved_cs_client     = @@character_set_client */;
/*!50503 SET character_set_client = utf8mb4 */;
CREATE TABLE `users` (
  `id` int NOT NULL AUTO_INCREMENT,
  `user_name` varchar(255) NOT NULL,
  `password` varchar(255) NOT NULL,
  `full_name` varchar(255) DEFAULT NULL,
  `phone_number` varchar(20) DEFAULT NULL,
  `email` varchar(255) NOT NULL,
  `dob` date DEFAULT NULL,
  `otp` varchar(10) DEFAULT NULL,
  `otp_generate_time` datetime DEFAULT NULL,
  `is_active` tinyint(1) DEFAULT '0',
  `created_at` date DEFAULT NULL,
  `updated_at` date DEFAULT NULL,
  `avatar` varchar(255) DEFAULT NULL,
  `is_blocked` tinyint(1) DEFAULT '0',
  PRIMARY KEY (`id`),
  UNIQUE KEY `user_name` (`user_name`),
  UNIQUE KEY `email` (`email`)
) ENGINE=InnoDB AUTO_INCREMENT=2 DEFAULT CHARSET=utf8mb3;
/*!40101 SET character_set_client = @saved_cs_client */;

--
-- Dumping data for table `users`
--

LOCK TABLES `users` WRITE;
/*!40000 ALTER TABLE `users` DISABLE KEYS */;
INSERT INTO `users` VALUES (1,'thacbao','$2a$10$X0uUFiRw5B0WrmeqCpmGNu/.DG4nXf0BOYVruRbSY7S.0CmMChXtO','nguyen thac bao','0987890987','baolog9201@gmail.com','2003-11-03','977002','2025-04-15 11:10:11',1,'2025-04-15','2025-04-15',NULL,0);
/*!40000 ALTER TABLE `users` ENABLE KEYS */;
UNLOCK TABLES;
/*!40103 SET TIME_ZONE=@OLD_TIME_ZONE */;

/*!40101 SET SQL_MODE=@OLD_SQL_MODE */;
/*!40014 SET FOREIGN_KEY_CHECKS=@OLD_FOREIGN_KEY_CHECKS */;
/*!40014 SET UNIQUE_CHECKS=@OLD_UNIQUE_CHECKS */;
/*!40101 SET CHARACTER_SET_CLIENT=@OLD_CHARACTER_SET_CLIENT */;
/*!40101 SET CHARACTER_SET_RESULTS=@OLD_CHARACTER_SET_RESULTS */;
/*!40101 SET COLLATION_CONNECTION=@OLD_COLLATION_CONNECTION */;
/*!40111 SET SQL_NOTES=@OLD_SQL_NOTES */;

-- Dump completed on 2025-04-18  2:59:16
